,country,Continent,Rank,University,scores_overall_calc,n_students
8746,United States,NORTH AMERICA,1,MASSACHUSETTS INSTITUTE OF TECHNOLOGY (MIT),100,11035
8747,United Kingdom,EUROPE,2,UNIVERSITY OF OXFORD,99.53,21972
8748,United States,NORTH AMERICA,3,STANFORD UNIVERSITY,98.74,14518
8749,United Kingdom,EUROPE,4,UNIVERSITY OF CAMBRIDGE,98.72,20871
8750,United States,NORTH AMERICA,5,HARVARD UNIVERSITY,97.96,21877
8751,United States,NORTH AMERICA,6,CALIFORNIA INSTITUTE OF TECHNOLOGY (CALTECH),97.44,2240
8752,United Kingdom,EUROPE,7,IMPERIAL COLLEGE LONDON,97.34,20191
8753,United Kingdom,EUROPE,8,UCL,95.43,41194
8754,Switzerland,EUROPE,9,ETH ZURICH - SWISS FEDERAL INSTITUTE OF TECHNOLOGY,95.37,20892
8755,United States,NORTH AMERICA,10,UNIVERSITY OF CHICAGO,94.5,16325
8756,Singapore,ASIA,11,NATIONAL UNIVERSITY OF SINGAPORE (NUS),93.94,30725
8757,Singapore,ASIA,12,"NANYANG TECHNOLOGICAL UNIVERSITY, SINGAPORE (NTU)",90.81,25895
8758,United States,NORTH AMERICA,13,UNIVERSITY OF PENNSYLVANIA,90.66,22261
8759,Switzerland,EUROPE,14,EPFL,90.24,10919
8760,United States,NORTH AMERICA,15,YALE UNIVERSITY,90.21,11283
8761,United Kingdom,EUROPE,16,THE UNIVERSITY OF EDINBURGH,89.87,37015
8762,China,ASIA,17,TSINGHUA UNIVERSITY,88.98,36893
8763,China,ASIA,18,PEKING UNIVERSITY,88.76,31873
8764,United States,NORTH AMERICA,19,COLUMBIA UNIVERSITY,88.74,25914
8765,United States,NORTH AMERICA,20,PRINCETON UNIVERSITY,88.56,7767
8766,United States,NORTH AMERICA,21,CORNELL UNIVERSITY,88.26,23188
8767,Hong Kong,ASIA,22,THE UNIVERSITY OF HONG KONG,86.29,19958
8768,Japan,ASIA,23,THE UNIVERSITY OF TOKYO,86.2,27826
8769,United States,NORTH AMERICA,24,UNIVERSITY OF MICHIGAN-ANN ARBOR,86.17,45651
8770,United States,NORTH AMERICA,25,JOHNS HOPKINS UNIVERSITY,85.89,14891
8771,Canada,NORTH AMERICA,26,UNIVERSITY OF TORONTO,85.31,81016
8772,Australia,OCEANIA,27,THE AUSTRALIAN NATIONAL UNIVERSITY,84.03,17269
8773,United Kingdom,EUROPE,28,THE UNIVERSITY OF MANCHESTER,84.02,41182
8774,Canada,NORTH AMERICA,29,MCGILL UNIVERSITY,84,30391
8775,United States,NORTH AMERICA,30,NORTHWESTERN UNIVERSITY,82.85,19273
8776,China,ASIA,31,FUDAN UNIVERSITY,82.65,30385
8777,United States,NORTH AMERICA,32,"UNIVERSITY OF CALIFORNIA, BERKELEY (UCB)",82.53,40468
8778,Japan,ASIA,33,KYOTO UNIVERSITY,82.27,22537
8779,Hong Kong,ASIA,34,THE HONG KONG UNIVERSITY OF SCIENCE AND TECHNOLOGY,82.16,9581
8780,United Kingdom,EUROPE,35,KING'S COLLEGE LONDON,81.95,33399
8781,South Korea,ASIA,36,SEOUL NATIONAL UNIVERSITY,81.75,24451
8782,Australia,OCEANIA,37,THE UNIVERSITY OF MELBOURNE,81.41,48157
8783,Australia,OCEANIA,38,THE UNIVERSITY OF SYDNEY,80.37,57354
8784,Hong Kong,ASIA,39,THE CHINESE UNIVERSITY OF HONG KONG (CUHK),80.29,18300
8785,United States,NORTH AMERICA,40,"UNIVERSITY OF CALIFORNIA, LOS ANGELES (UCLA)",79.71,45771
8786,South Korea,ASIA,41,KAIST - KOREA ADVANCED INSTITUTE OF SCIENCE & TECHNOLOGY,79.06,9974
8787,United States,NORTH AMERICA,42,NEW YORK UNIVERSITY (NYU),78.93,33331
8788,Australia,OCEANIA,43,THE UNIVERSITY OF NEW SOUTH WALES (UNSW SYDNEY),77.66,37891
8789,France,EUROPE,44,UNIVERSITÃ‰ PSL,77.64,14591
8790,China,ASIA,45,ZHEJIANG UNIVERSITY,77.43,48150
8791,Canada,NORTH AMERICA,46,UNIVERSITY OF BRITISH COLUMBIA,77.09,51766
8792,Australia,OCEANIA,47,THE UNIVERSITY OF QUEENSLAND,76.59,42871
8793,United States,NORTH AMERICA,48,"UNIVERSITY OF CALIFORNIA, SAN DIEGO (UCSD)",76.09,38568
8794,France,EUROPE,49,INSTITUT POLYTECHNIQUE DE PARIS,75.97,5930
8795,United Kingdom,EUROPE,50,THE LONDON SCHOOL OF ECONOMICS AND POLITICAL SCIENCE (LSE),75.77,12349
8796,Germany,EUROPE,51,TECHNICAL UNIVERSITY OF MUNICH,75.64,34724
8797,China,ASIA,52,SHANGHAI JIAO TONG UNIVERSITY,75.59,38056
8798,United States,NORTH AMERICA,53,DUKE UNIVERSITY,75.21,15969
8799,Hong Kong,ASIA,54,CITY UNIVERSITY OF HONG KONG,74.62,18042
8800,United States,NORTH AMERICA,55,CARNEGIE MELLON UNIVERSITY,74.56,12692
8801,Netherlands,EUROPE,56,UNIVERSITY OF AMSTERDAM,73.82,36003
8802,Japan,ASIA,57,TOKYO INSTITUTE OF TECHNOLOGY (TOKYO TECH),73.5,9928
8803,Netherlands,EUROPE,58,DELFT UNIVERSITY OF TECHNOLOGY,73.07,21238
8804,Australia,OCEANIA,59,MONASH UNIVERSITY,72.15,56357
8805,United States,NORTH AMERICA,60,BROWN UNIVERSITY,71.33,10308
8806,United Kingdom,EUROPE,61,THE UNIVERSITY OF WARWICK,71.25,25291
8807,United Kingdom,EUROPE,62,UNIVERSITY OF BRISTOL,71,27627
8808,Germany,EUROPE,63,RUPRECHT-KARLS-UNIVERSITÃ„T HEIDELBERG,70.82,19315
8809,Germany,EUROPE,64,LUDWIG-MAXIMILIANS-UNIVERSITÃ„T MÃœNCHEN,70.06,34444
8810,Malaysia,ASIA,65,UNIVERSITI MALAYA (UM),69.76,19157
8811,Hong Kong,ASIA,66,THE HONG KONG POLYTECHNIC UNIVERSITY,69.1,21207
8812,United States,NORTH AMERICA,67,UNIVERSITY OF TEXAS AT AUSTIN,68.43,48128
8813,Taiwan,ASIA,68,NATIONAL TAIWAN UNIVERSITY (NTU),68.16,31732
8814,Argentina,SOUTH AMERICA,69,UNIVERSIDAD DE BUENOS AIRES (UBA),67.93,117449
8815,Belgium,EUROPE,70,KU LEUVEN,67.25,49513
8816,Switzerland,EUROPE,71,UNIVERSITY OF ZURICH,67.16,21842
8817,France,EUROPE,72,SORBONNE UNIVERSITY,67.11,42298
8818,United Kingdom,EUROPE,73,UNIVERSITY OF GLASGOW,66.79,32330
8819,South Korea,ASIA,74,KOREA UNIVERSITY,66.31,25306
8820,Japan,ASIA,75,OSAKA UNIVERSITY,66.22,22753
8821,United States,NORTH AMERICA,76,UNIVERSITY OF WISCONSIN-MADISON,66.22,40700
8822,United Kingdom,EUROPE,77,UNIVERSITY OF SOUTHAMPTON,65.67,20057
8823,Russia,EUROPE,78,LOMONOSOV MOSCOW STATE UNIVERSITY,65.62,30385
8824,South Korea,ASIA,79,YONSEI UNIVERSITY,65.54,24442
8825,Denmark,EUROPE,80,UNIVERSITY OF COPENHAGEN,65.48,30326
8826,South Korea,ASIA,81,POHANG UNIVERSITY OF SCIENCE AND TECHNOLOGY (POSTECH),65.38,3146
8827,United States,NORTH AMERICA,82,UNIVERSITY OF ILLINOIS AT URBANA-CHAMPAIGN,65.22,46173
8828,United Kingdom,EUROPE,83,DURHAM UNIVERSITY,65.2,19922
8829,Japan,ASIA,84,TOHOKU UNIVERSITY,65.17,17676
8830,New Zealand,OCEANIA,85,THE UNIVERSITY OF AUCKLAND,64.98,27805
8831,United States,NORTH AMERICA,86,UNIVERSITY OF WASHINGTON,64.97,43692
8832,France,EUROPE,87,UNIVERSITÃ‰ PARIS-SACLAY,64.93,29592
8833,Sweden,EUROPE,88,LUND UNIVERSITY,63.79,30184
8834,United States,NORTH AMERICA,89,GEORGIA INSTITUTE OF TECHNOLOGY,63.48,26081
8835,Sweden,EUROPE,90,KTH ROYAL INSTITUTE OF TECHNOLOGY,63.19,13198
8836,United Kingdom,EUROPE,91,UNIVERSITY OF BIRMINGHAM,62.87,33430
8837,United Kingdom,EUROPE,92,UNIVERSITY OF ST ANDREWS,62.82,10485
8838,United Kingdom,EUROPE,93,UNIVERSITY OF LEEDS,62.61,34422
8839,Australia,OCEANIA,94,THE UNIVERSITY OF WESTERN AUSTRALIA,62.53,18532
8840,United States,NORTH AMERICA,95,RICE UNIVERSITY,62.31,7956
8841,United Kingdom,EUROPE,96,THE UNIVERSITY OF SHEFFIELD,61.56,28124
8842,United States,NORTH AMERICA,97,PENNSYLVANIA STATE UNIVERSITY,61.45,44827
8843,South Korea,ASIA,98,SUNGKYUNKWAN UNIVERSITY(SKKU),60.46,22397
8844,China,ASIA,99,UNIVERSITY OF SCIENCE AND TECHNOLOGY OF CHINA,60.1,19280
8845,Denmark,EUROPE,100,TECHNICAL UNIVERSITY OF DENMARK,59.93,9598
8846,United States,NORTH AMERICA,101,"UNIVERSITY OF NORTH CAROLINA, CHAPEL HILL",59.6,33018
8847,Ireland,EUROPE,102,"TRINITY COLLEGE DUBLIN, THE UNIVERSITY OF DUBLIN",59.46,16019
8848,Norway,EUROPE,103,UNIVERSITY OF OSLO,59.04,20108
8849,United Kingdom,EUROPE,104,UNIVERSITY OF NOTTINGHAM,58.91,33984
8850,Finland,EUROPE,105,UNIVERSITY OF HELSINKI,58.47,23059
8851,Mexico,NORTH AMERICA,106,UNIVERSIDAD NACIONAL AUTÃ“NOMA DE MÃ‰XICO  (UNAM),58.31,156596
8852,Switzerland,EUROPE,107,UNIVERSITY OF GENEVA,58.25,17744
8853,United States,NORTH AMERICA,108,WASHINGTON UNIVERSITY IN ST. LOUIS,57.96,13854
8854,Australia,OCEANIA,109,THE UNIVERSITY OF ADELAIDE,57.93,23050
8855,Saudi Arabia,ASIA,110,KING ABDULAZIZ UNIVERSITY (KAU),57.67,32346
8856,Netherlands,EUROPE,111,UTRECHT UNIVERSITY,57.55,33748
8857,Canada,NORTH AMERICA,112,UNIVERSITÃ‰ DE MONTRÃ‰AL,57.25,39775
8858,Finland,EUROPE,113,AALTO UNIVERSITY,57.01,13149
8859,Netherlands,EUROPE,114,LEIDEN UNIVERSITY,56.99,33767
8860,United States,NORTH AMERICA,115,UNIVERSITY OF SOUTHERN CALIFORNIA,56.99,44156
8861,United States,NORTH AMERICA,116,BOSTON UNIVERSITY,56.97,25448
8862,United States,NORTH AMERICA,117,PURDUE UNIVERSITY,56.85,40335
8863,United Kingdom,EUROPE,118,QUEEN MARY UNIVERSITY OF LONDON,56.72,22463
8864,Japan,ASIA,119,NAGOYA UNIVERSITY,56.19,15658
8865,Switzerland,EUROPE,120,UNIVERSITY OF BERN,56.12,9688
8866,United States,NORTH AMERICA,121,THE OHIO STATE UNIVERSITY,56.02,55381
8867,Sweden,EUROPE,122,CHALMERS UNIVERSITY OF TECHNOLOGY,55.93,10103
8868,Brazil,SOUTH AMERICA,123,UNIVERSIDADE DE SÃƒO PAULO,55.9,65027
8869,Netherlands,EUROPE,124,WAGENINGEN UNIVERSITY & RESEARCH,55.82,15102
8870,Sweden,EUROPE,125,UPPSALA UNIVERSITY,55.38,24749
8871,Netherlands,EUROPE,126,EINDHOVEN UNIVERSITY OF TECHNOLOGY,55.34,10873
8872,Canada,NORTH AMERICA,127,UNIVERSITY OF ALBERTA,55.21,30547
8873,Germany,EUROPE,128,FREIE UNIVERSITAET BERLIN,54.89,24567
8874,Netherlands,EUROPE,129,UNIVERSITY OF GRONINGEN,54.83,33664
8875,Germany,EUROPE,130,HUMBOLDT-UNIVERSITÃ„T ZU BERLIN,54.81,33999
8876,France,EUROPE,131,Ã‰COLE NORMALE SUPÃ‰RIEURE DE LYON,54.61,2194
8877,China,ASIA,132,NANJING UNIVERSITY,54.2,35400
8878,United Kingdom,EUROPE,133,LANCASTER UNIVERSITY,53.97,16362
8879,Australia,OCEANIA,134,UNIVERSITY OF TECHNOLOGY SYDNEY,53.9,23667
8880,United Kingdom,EUROPE,135,NEWCASTLE UNIVERSITY,53.83,26602
8881,Chile,SOUTH AMERICA,136,PONTIFICIA UNIVERSIDAD CATÃ“LICA DE CHILE (UC),53.63,29291
8882,Germany,EUROPE,137,"KIT, KARLSRUHE INSTITUTE OF TECHNOLOGY",53.43,19731
8883,Japan,ASIA,138,KYUSHU UNIVERSITY,53.29,18585
8884,Switzerland,EUROPE,139,UNIVERSITY OF BASEL,53.01,8632
8885,United States,NORTH AMERICA,140,"UNIVERSITY OF CALIFORNIA, DAVIS",52.99,34934
8886,Canada,NORTH AMERICA,141,MCMASTER UNIVERSITY,52.67,27216
8887,Belgium,EUROPE,142,GHENT UNIVERSITY,52.57,39447
8888,Italy,EUROPE,143,POLITECNICO DI MILANO,52.45,35205
8889,Malaysia,ASIA,144,UNIVERSITI PUTRA MALAYSIA (UPM),52.18,16403
8890,Malaysia,ASIA,145,UNIVERSITI KEBANGSAAN MALAYSIA (UKM),52.04,17093
8891,Japan,ASIA,146,HOKKAIDO UNIVERSITY,51.38,17704
8892,United States,NORTH AMERICA,147,"UNIVERSITY OF CALIFORNIA, SANTA BARBARA (UCSB)",51.2,25553
8893,Malaysia,ASIA,148,UNIVERSITI SAINS MALAYSIA (USM),51.03,18570
8894,Sweden,EUROPE,149,STOCKHOLM UNIVERSITY,50.58,25375
8895,United Kingdom,EUROPE,150,THE UNIVERSITY OF EXETER,50.54,27710
8896,Canada,NORTH AMERICA,151,UNIVERSITY OF WATERLOO,50.54,35088
8897,United Kingdom,EUROPE,152,CARDIFF UNIVERSITY,50.44,29758
8898,Austria,EUROPE,153,UNIVERSITY OF VIENNA,50.44,46198
8899,United Kingdom,EUROPE,154,UNIVERSITY OF YORK,50.43,19964
8900,United States,NORTH AMERICA,155,UNIVERSITY OF ROCHESTER,50.28,10364
8901,Denmark,EUROPE,156,AARHUS UNIVERSITY,50.16,28173
8902,South Korea,ASIA,157,HANYANG UNIVERSITY,49.79,22313
8903,United States,NORTH AMERICA,158,MICHIGAN STATE UNIVERSITY,49.75,44513
8904,United States,NORTH AMERICA,159,"UNIVERSITY OF MARYLAND, COLLEGE PARK",49.53,37081
8905,Germany,EUROPE,160,TECHNISCHE UNIVERSITÃ„T BERLIN (TU BERLIN),49.35,20951
8906,United States,NORTH AMERICA,161,EMORY UNIVERSITY,48.59,13153
8907,United States,NORTH AMERICA,162,CASE WESTERN RESERVE UNIVERSITY,48.19,10744
8908,Mexico,NORTH AMERICA,163,TECNOLÃ“GICO DE MONTERREY,48.17,47416
8909,United States,NORTH AMERICA,164,UNIVERSITY OF PITTSBURGH,48.15,27425
8910,Saudi Arabia,ASIA,165,KING FAHD UNIVERSITY OF PETROLEUM & MINERALS,48.13,7255
8911,Germany,EUROPE,166,RWTH AACHEN UNIVERSITY,47.95,41057
8912,Italy,EUROPE,167,ALMA MATER STUDIORUM - UNIVERSITY OF BOLOGNA,47.74,73000
8913,United Kingdom,EUROPE,168,UNIVERSITY OF BATH,47.65,16711
8914,Spain,EUROPE,169,UNIVERSITAT DE BARCELONA,47.6,44366
8915,United States,NORTH AMERICA,170,TEXAS A&M UNIVERSITY,47.55,64752
8916,Canada,NORTH AMERICA,171,WESTERN UNIVERSITY,47.48,29752
8917,Italy,EUROPE,172,SAPIENZA UNIVERSITY OF ROME,47.23,71824
8918,Germany,EUROPE,173,ALBERT-LUDWIGS-UNIVERSITAET FREIBURG,46.96,20613
8919,Ireland,EUROPE,174,UNIVERSITY COLLEGE DUBLIN,46.86,22484
8920,United States,NORTH AMERICA,175,UNIVERSITY OF FLORIDA,46.86,47381
8921,Kazakhstan,ASIA,176,AL-FARABI KAZAKH NATIONAL UNIVERSITY,46.76,20706
8922,Switzerland,EUROPE,177,UNIVERSITY OF LAUSANNE,46.56,14457
8923,India,ASIA,178,INDIAN INSTITUTE OF TECHNOLOGY BOMBAY (IITB),46.44,12047
8924,Germany,EUROPE,179,EBERHARD KARLS UNIVERSITÃ„T TÃœBINGEN,46.38,22545
8925,Netherlands,EUROPE,180,ERASMUS UNIVERSITY ROTTERDAM,46.26,30817
8926,Taiwan,ASIA,181,NATIONAL TSING HUA UNIVERSITY,46.15,13227
8927,Sweden,EUROPE,182,UNIVERSITY OF GOTHENBURG,46.13,21293
8928,Austria,EUROPE,183,TECHNISCHE UNIVERSITÃ„T WIEN,46.08,11256
8929,United Arab Emirates,ASIA,184,KHALIFA UNIVERSITY,46,3208
8930,Chile,SOUTH AMERICA,185,UNIVERSIDAD DE CHILE,46,35772
8931,India,ASIA,186,INDIAN INSTITUTE OF TECHNOLOGY DELHI (IITD),45.92,10111
8932,United States,NORTH AMERICA,187,UNIVERSITY OF MINNESOTA TWIN CITIES,45.72,33764
8933,India,ASIA,188,INDIAN INSTITUTE OF SCIENCE,45.71,3874
8934,Belgium,EUROPE,189,UNIVERSITÃ‰ CATHOLIQUE DE LOUVAIN (UCLOUVAIN),45.61,27556
8935,United Kingdom,EUROPE,190,UNIVERSITY OF LIVERPOOL,45.5,26560
8936,Netherlands,EUROPE,191,UNIVERSITY OF TWENTE,45.5,12421
8937,Malaysia,ASIA,192,UNIVERSITI TEKNOLOGI MALAYSIA,45.11,19467
8938,United States,NORTH AMERICA,193,DARTMOUTH COLLEGE,45.09,6633
8939,Australia,OCEANIA,194,UNIVERSITY OF WOLLONGONG,44.94,17520
8940,Germany,EUROPE,195,TECHNISCHE UNIVERSITÃ„T DRESDEN,44.83,31058
8941,New Zealand,OCEANIA,196,UNIVERSITY OF OTAGO,44.82,19602
8942,Australia,OCEANIA,197,CURTIN UNIVERSITY,44.75,24267
8943,Australia,OCEANIA,198,"THE UNIVERSITY OF NEWCASTLE, AUSTRALIA (UON)",44.59,11455
8944,Israel,ASIA,199,THE HEBREW UNIVERSITY OF JERUSALEM,44.53,17044
8945,Norway,EUROPE,200,UNIVERSITY OF BERGEN,44.19,11918
8946,Australia,OCEANIA,201,MACQUARIE UNIVERSITY,44.09,24512
8947,Japan,ASIA,202,KEIO UNIVERSITY,43.86,33535
8948,United Kingdom,EUROPE,203,UNIVERSITY OF READING,43.53,16324
8949,Japan,ASIA,204,WASEDA UNIVERSITY,43.25,43363
8950,Germany,EUROPE,205,UNIVERSITY OF GÃ–TTINGEN,43.19,29918
8951,United Kingdom,EUROPE,206,UNIVERSITY OF ABERDEEN,43.09,12686
8952,Australia,OCEANIA,207,RMIT UNIVERSITY,42.78,33073
8953,Belgium,EUROPE,208,UNIVERSITE LIBRE DE BRUXELLES,42.7,29267
8954,Spain,EUROPE,209,UNIVERSIDAD AUTÃ“NOMA DE MADRID,42.68,29316
8955,Netherlands,EUROPE,210,VRIJE UNIVERSITEIT AMSTERDAM,42.64,30159
8956,Spain,EUROPE,211,UNIVERSITAT AUTÃ’NOMA DE BARCELONA,42.55,32395
8957,China,ASIA,212,TONGJI UNIVERSITY,42.54,30360
8958,South Korea,ASIA,213,ULSAN NATIONAL INSTITUTE OF SCIENCE AND TECHNOLOGY (UNIST),42.44,3740
8959,Australia,OCEANIA,214,QUEENSLAND UNIVERSITY OF TECHNOLOGY (QUT),42.08,35202
8960,Germany,EUROPE,215,UNIVERSITÃ„T HAMBURG,41.98,28860
8961,Thailand,ASIA,216,CHULALONGKORN UNIVERSITY,41.9,33577
8962,United States,NORTH AMERICA,217,ARIZONA STATE UNIVERSITY,41.82,49502
8963,United Kingdom,EUROPE,218,QUEEN'S UNIVERSITY BELFAST,41.76,21856
8964,United States,NORTH AMERICA,219,VANDERBILT UNIVERSITY,41.69,12696
8965,Brazil,SOUTH AMERICA,220,UNIVERSIDADE ESTADUAL DE CAMPINAS (UNICAMP),41.32,28076
8966,Netherlands,EUROPE,221,RADBOUD UNIVERSITY,41.06,23362
8967,Belgium,EUROPE,222,VRIJE UNIVERSITEIT BRUSSEL (VUB),41.01,14010
8968,United States,NORTH AMERICA,223,UNIVERSITY OF NOTRE DAME,40.92,12617
8969,Spain,EUROPE,224,COMPLUTENSE UNIVERSITY OF MADRID,40.83,58159
8970,Qatar,ASIA,225,QATAR UNIVERSITY,40.66,10081
8971,China,ASIA,226,WUHAN UNIVERSITY,40.36,55605
8972,Germany,EUROPE,227,RHEINISCHE FRIEDRICH-WILHELMS-UNIVERSITÃ„T BONN,40.32,21313
8973,South Africa,AFRICA,228,UNIVERSITY OF CAPE TOWN,40.32,21005
8974,United Kingdom,EUROPE,229,UNIVERSITY OF SUSSEX,40.29,17943
8975,United States,NORTH AMERICA,230,UNIVERSITY OF VIRGINIA,40.25,23690
8976,Canada,NORTH AMERICA,231,UNIVERSITY OF OTTAWA,40.18,38366
8977,United Kingdom,EUROPE,232,LOUGHBOROUGH UNIVERSITY,40.05,17267
8978,United States,NORTH AMERICA,233,"UNIVERSITY OF CALIFORNIA, IRVINE",40.01,35562
8979,Belgium,EUROPE,234,UNIVERSITY OF ANTWERP,39.78,16779
8980,Netherlands,EUROPE,235,MAASTRICHT UNIVERSITY,39.77,20723
8981,Canada,NORTH AMERICA,236,UNIVERSITY OF CALGARY,39.71,33630
8982,China,ASIA,237,HARBIN INSTITUTE OF TECHNOLOGY,39.64,27175
8983,New Zealand,OCEANIA,238,VICTORIA UNIVERSITY OF WELLINGTON,39.61,18006
8984,Colombia,SOUTH AMERICA,239,UNIVERSIDAD DE LOS ANDES,39.58,15312
8985,United Kingdom,EUROPE,240,UNIVERSITY OF LEICESTER,39.55,14135
8986,Switzerland,EUROPE,241,USI - UNIVERSITÃ€ DELLA SVIZZERA ITALIANA,39.53,2695
8987,Canada,NORTH AMERICA,242,QUEEN'S UNIVERSITY AT KINGSTON,39.5,25409
8988,Lebanon,ASIA,243,AMERICAN UNIVERSITY OF BEIRUT (AUB),39.21,7418
8989,Russia,EUROPE,244,SAINT PETERSBURG STATE UNIVERSITY,39.18,25721
8990,Italy,EUROPE,245,UNIVERSITÃ€ DI PADOVA,39.16,46722
8991,France,EUROPE,246,ECOLE DES PONTS PARISTECH,39.14,1976
8992,Russia,EUROPE,247,NOVOSIBIRSK STATE UNIVERSITY,38.84,7283
8993,United States,NORTH AMERICA,248,UNIVERSITY OF MASSACHUSETTS AMHERST,38.79,26550
8994,Spain,EUROPE,249,UNIVERSITAT POMPEU FABRA (BARCELONA),38.73,12648
8995,United States,NORTH AMERICA,250,GEORGETOWN UNIVERSITY,38.69,16801
8996,Brunei,ASIA,251,UNIVERSITI BRUNEI DARUSSALAM (UBD),38.56,2626
8997,United States,NORTH AMERICA,252,UNIVERSITY OF COLORADO BOULDER,38.49,32480
8998,Taiwan,ASIA,253,NATIONAL CHENG KUNG UNIVERSITY (NCKU),38.41,21260
8999,United States,NORTH AMERICA,254,YESHIVA UNIVERSITY,38.39,4897
9000,Indonesia,ASIA,255,GADJAH MADA UNIVERSITY,38.28,39209
9001,Thailand,ASIA,256,MAHIDOL UNIVERSITY,38.14,26602
9002,Israel,ASIA,257,TEL AVIV UNIVERSITY,38.13,24661
9003,India,ASIA,258,INDIAN INSTITUTE OF TECHNOLOGY MADRAS (IITM),38.07,10251
9004,New Zealand,OCEANIA,259,UNIVERSITY OF CANTERBURY | TE WHARE WÄ€NANGA O WAITAHA,37.65,13541
9005,Colombia,SOUTH AMERICA,260,UNIVERSIDAD NACIONAL DE COLOMBIA,37.59,58478
9006,Ireland,EUROPE,261,NATIONAL UNIVERSITY OF IRELAND GALWAY,37.58,15184
9007,China,ASIA,262,SUN YAT-SEN UNIVERSITY,37.42,61193
9008,France,EUROPE,263,SCIENCES PO,37.32,11412
9009,France,EUROPE,264,UNIVERSITÃ‰ DE PARIS,37.28,62747
9010,United States,NORTH AMERICA,265,RUTGERS UNIVERSITYâ€“NEW BRUNSWICK,37.24,44731
9011,South Korea,ASIA,266,KYUNG HEE UNIVERSITY,37.15,23315
9012,Czech Republic,EUROPE,267,CHARLES UNIVERSITY,37.14,49449
9013,Spain,EUROPE,268,UNIVERSITY OF NAVARRA,37.12,12081
9014,United States,NORTH AMERICA,269,THE UNIVERSITY OF ARIZONA,36.92,35766
9015,Taiwan,ASIA,270,NATIONAL YANG MING CHIAO TUNG UNIVERSITY,36.86,13268
9016,Germany,EUROPE,271,TECHNICAL UNIVERSITY OF DARMSTADT,36.86,14916
9017,United Kingdom,EUROPE,272,HERIOT-WATT UNIVERSITY,36.74,9909
9018,China,ASIA,273,BEIJING NORMAL UNIVERSITY,36.7,23688
9019,United Kingdom,EUROPE,274,UNIVERSITY OF SURREY,36.65,15153
9020,Russia,EUROPE,275,TOMSK STATE UNIVERSITY,36.6,8301
9021,Canada,NORTH AMERICA,276,DALHOUSIE UNIVERSITY,36.58,16648
9022,China,ASIA,277,SOUTHERN UNIVERSITY OF SCIENCE AND TECHNOLOGY,36.54,6514
9023,United States,NORTH AMERICA,278,TUFTS UNIVERSITY,36.46,11160
9024,Saudi Arabia,ASIA,279,KING SAUD UNIVERSITY,36.44,30006
9025,India,ASIA,280,INDIAN INSTITUTE OF TECHNOLOGY KANPUR (IITK),36.42,7476
9026,Austria,EUROPE,281,GRAZ UNIVERSITY OF TECHNOLOGY,36.4,6770
9027,India,ASIA,282,INDIAN INSTITUTE OF TECHNOLOGY KHARAGPUR (IIT-KGP),36.31,11889
9028,Russia,EUROPE,283,BAUMAN MOSCOW STATE TECHNICAL UNIVERSITY,36.22,16222
9029,Austria,EUROPE,284,UNIVERSITÃ„T INNSBRUCK,36.22,15033
9030,Australia,OCEANIA,285,DEAKIN UNIVERSITY,36.06,36570
9031,New Zealand,OCEANIA,286,MASSEY UNIVERSITY,35.93,10030
9032,Japan,ASIA,287,UNIVERSITY OF TSUKUBA,35.62,16581
9033,United States,NORTH AMERICA,288,UNIVERSITY OF ILLINOIS AT CHICAGO (UIC),35.57,29694
9034,Hong Kong,ASIA,289,HONG KONG BAPTIST UNIVERSITY,35.48,7113
9035,United Arab Emirates,ASIA,290,UNITED ARAB EMIRATES UNIVERSITY,35.45,7121
9036,Russia,EUROPE,291,MOSCOW INSTITUTE OF PHYSICS AND TECHNOLOGY (MIPT / MOSCOW PHYSTECH),35.12,6107
9037,France,EUROPE,292,UNIVERSITÃ‰ PARIS 1 PANTHÃ‰ON-SORBONNE,35.12,37028
9038,China,ASIA,293,XIâ€™AN JIAOTONG UNIVERSITY,35.09,48323
9039,Australia,OCEANIA,294,GRIFFITH UNIVERSITY,35.07,32965
9040,Indonesia,ASIA,295,UNIVERSITAS INDONESIA,35.06,36053
9041,Portugal,EUROPE,296,UNIVERSITY OF PORTO,34.93,30379
9042,Finland,EUROPE,297,UNIVERSITY OF TURKU,34.89,12669
9043,Belarus,EUROPE,298,BELARUSIAN STATE UNIVERSITY,34.87,22237
9044,Canada,NORTH AMERICA,299,SIMON FRASER UNIVERSITY,34.84,25150
9045,Ireland,EUROPE,300,UNIVERSITY COLLEGE CORK,34.81,16235
9046,Estonia,EUROPE,301,UNIVERSITY OF TARTU,34.72,10552
9047,United States,NORTH AMERICA,302,NORTH CAROLINA STATE UNIVERSITY,34.69,31124
9048,United Kingdom,EUROPE,303,UNIVERSITY OF STRATHCLYDE,34.42,20396
9049,Indonesia,ASIA,304,BANDUNG INSTITUTE OF TECHNOLOGY (ITB),34.18,22700
9050,Australia,OCEANIA,305,UNIVERSITY OF TASMANIA,34.18,11491
9051,South Korea,ASIA,306,GWANGJU INSTITUTE OF SCIENCE AND TECHNOLOGY (GIST),34.07,1786
9052,Russia,EUROPE,307,HSE UNIVERSITY,34.06,45716
9053,United Kingdom,EUROPE,308,UNIVERSITY OF EAST ANGLIA (UEA),33.97,16641
9054,Poland,EUROPE,309,UNIVERSITY OF WARSAW,33.93,36689
9055,Denmark,EUROPE,310,UNIVERSITY OF SOUTHERN DENMARK (SDU),33.83,18561
9056,Poland,EUROPE,311,JAGIELLONIAN UNIVERSITY,33.82,33829
9057,Germany,EUROPE,312,UNIVERSITY OF COLOGNE,33.7,31091
9058,United States,NORTH AMERICA,313,UNIVERSITY OF MIAMI,33.7,16722
9059,United States,NORTH AMERICA,314,INDIANA UNIVERSITY BLOOMINGTON,33.66,43693
9060,Taiwan,ASIA,315,NATIONAL TAIWAN UNIVERSITY OF SCIENCE AND TECHNOLOGY (TAIWAN TECH),33.62,9038
9061,France,EUROPE,316,UNIVERSITÃ‰ GRENOBLE ALPES,33.6,52881
9062,Italy,EUROPE,317,UNIVERSITY OF MILAN,33.51,53150
9063,Spain,EUROPE,318,IE UNIVERSITY,33.38,6037
9064,Russia,EUROPE,319,RUDN UNIVERSITY,33.36,25735
9065,Russia,EUROPE,320,NATIONAL RESEARCH NUCLEAR UNIVERSITY MEPHI (MOSCOW ENGINEERING PHYSICS INSTITUTE),33.12,4993
9066,Spain,EUROPE,321,UNIVERSITAT POLITÃˆCNICA DE CATALUNYA Â· BARCELONATECH (UPC),33.1,23289
9067,Australia,OCEANIA,322,SWINBURNE UNIVERSITY OF TECHNOLOGY,33.02,12654
9068,Germany,EUROPE,323,FRIEDRICH-ALEXANDER-UNIVERSITÃ„T ERLANGEN-NÃœRNBERG,32.93,32167
9069,Macau Sar,ASIA,324,UNIVERSITY OF MACAU,32.86,10749
9070,United Kingdom,EUROPE,325,UNIVERSITY OF DUNDEE,32.85,14302
9071,Argentina,SOUTH AMERICA,326,PONTIFICIA UNIVERSIDAD CATÃ“LICA ARGENTINA,32.85,18297
9072,Denmark,EUROPE,327,AALBORG UNIVERSITY,32.81,16836
9073,Australia,OCEANIA,328,UNIVERSITY OF SOUTH AUSTRALIA,32.81,19189
9074,Kazakhstan,ASIA,329,L.N. GUMILYOV EURASIAN NATIONAL UNIVERSITY (ENU),32.7,17118
9075,Sweden,EUROPE,330,LINKÃ–PING UNIVERSITY,32.49,15316
9076,United Kingdom,EUROPE,331,"CITY, UNIVERSITY OF LONDON",32.44,21325
9077,Israel,ASIA,332,TECHNION - ISRAEL INSTITUTE OF TECHNOLOGY,32.44,14124
9078,United Kingdom,EUROPE,333,"BIRKBECK, UNIVERSITY OF LONDON",32.32,8519
9079,Malaysia,ASIA,334,TAYLOR'S UNIVERSITY,32.29,3945
9080,China,ASIA,335,TIANJIN UNIVERSITY,32.22,27660
9081,Taiwan,ASIA,336,NATIONAL TAIWAN NORMAL UNIVERSITY,32.2,10764
9082,China,ASIA,337,HUAZHONG UNIVERSITY OF SCIENCE AND TECHNOLOGY,32.19,58065
9083,United Kingdom,EUROPE,338,ROYAL HOLLOWAY UNIVERSITY OF LONDON,32.18,11516
9084,Canada,NORTH AMERICA,339,UNIVERSITY OF VICTORIA (UVIC),32.18,18715
9085,Italy,EUROPE,340,POLITECNICO DI TORINO,32.16,31737
9086,Germany,EUROPE,341,GOETHE-UNIVERSITY FRANKFURT AM MAIN,32.12,33214
9087,United States,NORTH AMERICA,342,UNIVERSITY OF HAWAIÊ»I AT MÄ€NOA,32.08,14936
9088,United States,NORTH AMERICA,343,NORTHEASTERN UNIVERSITY,31.94,26442
9089,Japan,ASIA,344,HIROSHIMA UNIVERSITY,31.85,15103
9090,Brunei,ASIA,345,UNIVERSITI TEKNOLOGI BRUNEI,31.7,1024
9091,Germany,EUROPE,346,UNIVERSITÃ„T JENA,31.7,17124
9092,United States,NORTH AMERICA,347,VIRGINIA POLYTECHNIC INSTITUTE AND STATE UNIVERSITY,31.6,34860
9093,Russia,EUROPE,348,KAZAN (VOLGA REGION) FEDERAL UNIVERSITY,31.44,22498
9094,United States,NORTH AMERICA,349,"UNIVERSITY OF CALIFORNIA, SANTA CRUZ",31.43,18881
9095,Germany,EUROPE,350,UNIVERSITÃ„T STUTTGART,31.39,15138
9096,Malaysia,ASIA,351,UCSI UNIVERSITY,31.35,6255
9097,Russia,EUROPE,352,URAL FEDERAL UNIVERSITY - URFU,31.32,29939
9098,United Kingdom,EUROPE,353,BRUNEL UNIVERSITY LONDON,31.31,15158
9099,Spain,EUROPE,354,UNIVERSIDAD CARLOS III DE MADRID (UC3M),31.29,19103
9100,Austria,EUROPE,355,JOHANNES KEPLER UNIVERSITY LINZ,31.23,6068
9101,United States,NORTH AMERICA,356,GEORGE WASHINGTON UNIVERSITY,31.11,20290
9102,Netherlands,EUROPE,357,TILBURG UNIVERSITY,30.99,13247
9103,Portugal,EUROPE,358,UNIVERSITY OF LISBON,30.97,49847
9104,China,ASIA,359,NANKAI UNIVERSITY,30.94,32034
9105,Finland,EUROPE,360,UNIVERSITY OF JYVÃ„SKYLÃ„,30.93,10666
9106,Pakistan,ASIA,361,NATIONAL UNIVERSITY OF SCIENCES AND TECHNOLOGY (NUST) ISLAMABAD,30.91,12212
9107,United States,NORTH AMERICA,362,UNIVERSITY OF UTAH,30.85,27572
9108,Russia,EUROPE,363,MGIMO UNIVERSITY,30.84,7186
9109,South Korea,ASIA,364,EWHA WOMANS UNIVERSITY,30.81,17013
9110,Australia,OCEANIA,365,LA TROBE UNIVERSITY,30.81,18924
9111,Germany,EUROPE,366,UNIVERSITY ULM,30.52,10301
9112,Russia,EUROPE,367,ITMO UNIVERSITY,30.49,10902
9113,Sweden,EUROPE,368,UMEA UNIVERSITY,30.45,14358
9114,Oman,ASIA,369,SULTAN QABOOS UNIVERSITY,30.41,7436
9115,Norway,EUROPE,370,NORWEGIAN UNIVERSITY OF SCIENCE AND TECHNOLOGY,30.31,37723
9116,Brazil,SOUTH AMERICA,371,UNIVERSIDADE FEDERAL DO RIO DE JANEIRO,30.31,49310
9117,Spain,EUROPE,372,UNIVERSITAT POLITÃˆCNICA DE VALÃˆNCIA,29.99,23606
9118,New Zealand,OCEANIA,373,LINCOLN UNIVERSITY,29.77,2118
9119,New Zealand,OCEANIA,374,UNIVERSITY OF WAIKATO,29.63,8489
9120,Czech Republic,EUROPE,375,"UNIVERSITY OF CHEMISTRY AND TECHNOLOGY, PRAGUE",29.59,4061
9121,China,ASIA,376,BEIJING INSTITUTE OF TECHNOLOGY,29.58,0
9122,United States,NORTH AMERICA,377,UNIVERSITY OF CONNECTICUT,29.56,24780
9123,Finland,EUROPE,378,UNIVERSITY OF OULU,29.55,10134
9124,United States,NORTH AMERICA,379,"STONY BROOK UNIVERSITY, STATE UNIVERSITY OF NEW YORK",29.45,24982
9125,Germany,EUROPE,380,JULIUS-MAXIMILIANS-UNIVERSITÃ„T WÃœRZBURG,29.37,23016
9126,Pakistan,ASIA,381,QUAID-I-AZAM UNIVERSITY,29.35,9565
9127,"Iran, Islamic Republic Of",ASIA,382,SHARIF UNIVERSITY OF TECHNOLOGY,29.32,9451
9128,Japan,ASIA,383,TOKYO MEDICAL AND DENTAL UNIVERSITY (TMDU),29.31,3001
9129,United Arab Emirates,ASIA,384,AMERICAN UNIVERSITY OF SHARJAH,29.13,4276
9130,United Kingdom,EUROPE,385,UNIVERSITY OF KENT,29.13,17211
9131,China,ASIA,386,BEIHANG UNIVERSITY (FORMER BUAA),29.06,0
9132,Japan,ASIA,387,KOBE UNIVERSITY,28.93,15476
9133,United States,NORTH AMERICA,388,UNIVERSITY OF KANSAS,28.82,23459
9134,United States,NORTH AMERICA,389,UNIVERSITY AT BUFFALO SUNY,28.7,29441
9135,Italy,EUROPE,390,UNIVERSITY OF PISA,28.7,33349
9136,Italy,EUROPE,391,UNIVERSITÃ€ VITA-SALUTE SAN RAFFAELE,28.6,2642
9137,United Kingdom,EUROPE,392,SOAS UNIVERSITY OF LONDON,28.52,4864
9138,Argentina,SOUTH AMERICA,393,UNIVERSIDAD DE PALERMO (UP),28.49,4947
9139,Germany,EUROPE,394,RUHR-UNIVERSITÃ„T BOCHUM,28.43,42262
9140,Russia,EUROPE,395,PETER THE GREAT ST. PETERSBURG POLYTECHNIC UNIVERSITY,28.41,16222
9141,India,ASIA,396,INDIAN INSTITUTE OF TECHNOLOGY GUWAHATI (IITG),28.34,7001
9142,Peru,SOUTH AMERICA,397,PONTIFICIA UNIVERSIDAD CATOLICA DEL PERU,28.32,25652
9143,Russia,EUROPE,398,NATIONAL RESEARCH TOMSK POLYTECHNIC UNIVERSITY,28.3,9537
9144,Pakistan,ASIA,399,PAKISTAN INSTITUTE OF ENGINEERING AND APPLIED SCIENCES (PIEAS),28.23,1371
9145,Philippines,ASIA,400,UNIVERSITY OF THE PHILIPPINES,28.06,43964
9146,Argentina,SOUTH AMERICA,401,UNIVERSIDAD AUSTRAL,28.04,4928
9147,Lithuania,EUROPE,402,VILNIUS UNIVERSITY,27.98,19703
9148,India,ASIA,403,INDIAN INSTITUTE OF TECHNOLOGY ROORKEE (IITR),27.97,8254
9149,Czech Republic,EUROPE,404,CZECH TECHNICAL UNIVERSITY IN PRAGUE,27.92,15295
9150,United States,NORTH AMERICA,405,"UNIVERSITY OF CALIFORNIA, RIVERSIDE",27.92,25735
9151,China,ASIA,406,SHANDONG UNIVERSITY,27.88,43644
9152,Australia,OCEANIA,407,FLINDERS UNIVERSITY,27.84,17266
9153,China,ASIA,408,XIAMEN UNIVERSITY,27.78,38121
9154,China,ASIA,409,SOUTH CHINA UNIVERSITY OF TECHNOLOGY,27.76,40049
9155,Taiwan,ASIA,410,TAIPEI MEDICAL UNIVERSITY (TMU),27.76,5788
9156,Germany,EUROPE,411,WESTFÃ„LISCHE WILHELMS-UNIVERSITÃ„T MÃœNSTER,27.72,26243
9157,Colombia,SOUTH AMERICA,412,PONTIFICIA UNIVERSIDAD JAVERIANA,27.53,28762
9158,Taiwan,ASIA,413,NATIONAL SUN YAT-SEN UNIVERSITY,27.46,7991
9159,United States,NORTH AMERICA,414,"UNIVERSITY OF COLORADO, DENVER",27.44,15786
9160,China,ASIA,415,UNIVERSITY OF SCIENCE AND TECHNOLOGY BEIJING,27.44,24368
9161,South Korea,ASIA,416,CHUNG-ANG UNIVERSITY (CAU),27.42,20018
9162,Finland,EUROPE,417,LAPPEENRANTA-LAHTI UNIVERSITY OF TECHNOLOGY LUT,27.41,4437
9163,Malaysia,ASIA,418,UNIVERSITI TEKNOLOGI PETRONAS (UTP),27.41,4570
9164,Canada,NORTH AMERICA,419,UNIVERSITÃ‰ LAVAL,27.38,24675
9165,Finland,EUROPE,420,TAMPERE UNIVERSITY,27.36,15855
9166,France,EUROPE,421,UNIVERSITÃ‰ DE STRASBOURG,27.34,52972
9167,Greece,EUROPE,422,NATIONAL TECHNICAL UNIVERSITY OF ATHENS,27.3,13624
9168,Germany,EUROPE,423,UNIVERSITÃ„T MANNHEIM,27.18,9839
9169,South Africa,AFRICA,424,UNIVERSITY OF WITWATERSRAND,27.15,24985
9170,Australia,OCEANIA,425,JAMES COOK UNIVERSITY,27.14,8228
9171,Italy,EUROPE,426,UNIVERSITY OF NAPLES - FEDERICO II,27.14,49485
9172,Germany,EUROPE,427,JOHANNES GUTENBERG UNIVERSITÃ„T MAINZ,27.04,30753
9173,United States,NORTH AMERICA,428,WASHINGTON STATE UNIVERSITY,27,26520
9174,United Kingdom,EUROPE,429,OXFORD BROOKES UNIVERSITY,26.95,14975
9175,United States,NORTH AMERICA,430,WAKE FOREST UNIVERSITY,26.89,8296
9176,United States,NORTH AMERICA,431,COLORADO STATE UNIVERSITY,26.84,24060
9177,United States,NORTH AMERICA,432,RENSSELAER POLYTECHNIC INSTITUTE,26.81,7427
9178,Portugal,EUROPE,433,UNIVERSIDADE NOVA DE LISBOA,26.8,20996
9179,Brazil,SOUTH AMERICA,434,UNIVERSIDADE FEDERAL DE SÃƒO PAULO,26.72,14415
9180,South Africa,AFRICA,435,UNIVERSITY OF JOHANNESBURG,26.69,19333
9181,United States,NORTH AMERICA,436,TULANE UNIVERSITY,26.64,12074
9182,China,ASIA,437,SHANGHAI UNIVERSITY,26.59,35968
9183,Australia,OCEANIA,438,UNIVERSITY OF CANBERRA,26.56,10871
9184,United Kingdom,EUROPE,439,"ESSEX, UNIVERSITY OF",26.55,16133
9185,Cyprus,EUROPE,440,UNIVERSITY OF CYPRUS (UCY),26.32,7085
9186,Italy,EUROPE,441,UNIVERSITY OF TRENTO,26.32,13900
9187,Norway,EUROPE,442,UNIVERSITY OF TROMSÃ˜ THE ARCTIC UNIVERSITY OF NORWAY,26.31,15746
9188,United Kingdom,EUROPE,443,SWANSEA UNIVERSITY,26.25,18682
9189,United States,NORTH AMERICA,444,ILLINOIS INSTITUTE OF TECHNOLOGY,26.2,5437
9190,Egypt,AFRICA,445,THE AMERICAN UNIVERSITY IN CAIRO,26.11,5915
9191,South Korea,ASIA,446,HUFS - HANKUK (KOREA) UNIVERSITY OF FOREIGN STUDIES,26.07,16141
9192,Germany,EUROPE,447,UNIVERSITÃ„T  LEIPZIG,26.05,28447
9193,Germany,EUROPE,448,UNIVERSITÃ„T DES SAARLANDES,26.04,16241
9194,Saudi Arabia,ASIA,449,UMM AL-QURA UNIVERSITY,25.97,30207
9195,Italy,EUROPE,450,UNIVERSITY OF MILANO-BICOCCA,25.91,28559
9196,China,ASIA,451,SICHUAN UNIVERSITY,25.85,49543
9197,Italy,EUROPE,452,UNIVERSITY OF FLORENCE,25.81,37287
9198,New Zealand,OCEANIA,453,AUCKLAND UNIVERSITY OF TECHNOLOGY (AUT),25.79,18545
9199,Australia,OCEANIA,454,BOND UNIVERSITY,25.76,3069
9200,United States,NORTH AMERICA,455,UNIVERSITY OF IOWA,25.73,26717
9201,United States,NORTH AMERICA,456,BRANDEIS UNIVERSITY,25.71,5040
9202,Portugal,EUROPE,457,UNIVERSITY OF COIMBRA,25.66,22937
9203,Canada,NORTH AMERICA,458,UNIVERSITY OF SASKATCHEWAN,25.58,16651
9204,Spain,EUROPE,459,UNIVERSIDAD POLITÃ‰CNICA DE MADRID (UPM),25.5,32848
9205,Switzerland,EUROPE,460,UNIVERSITY OF ST.GALLEN (HSG),25.45,8913
9206,United States,NORTH AMERICA,461,COLORADO SCHOOL OF MINES,25.43,6303
9207,Germany,EUROPE,462,MARTIN-LUTHER-UNIVERSITÃ„T HALLE-WITTENBERG,25.4,19913
9208,Russia,EUROPE,463,FAR EASTERN FEDERAL UNIVERSITY,25.38,13931
9209,United Kingdom,EUROPE,464,"GOLDSMITHS, UNIVERSITY OF LONDON",25.37,8780
9210,"Iran, Islamic Republic Of",ASIA,465,AMIRKABIR UNIVERSITY OF TECHNOLOGY,25.34,10673
9211,China,ASIA,466,SOUTHEAST UNIVERSITY,25.3,37706
9212,Indonesia,ASIA,467,AIRLANGGA UNIVERSITY,25.29,28701
9213,Argentina,SOUTH AMERICA,468,UNIVERSIDAD DE BELGRANO,25.27,5126
9214,Taiwan,ASIA,469,NATIONAL TAIPEI UNIVERSITY OF TECHNOLOGY,25.23,7919
9215,Uruguay,SOUTH AMERICA,470,UNIVERSIDAD DE MONTEVIDEO (UM),25.15,2097
9216,Uruguay,SOUTH AMERICA,471,UNIVERSIDAD ORT URUGUAY,25.14,4285
9217,United Kingdom,EUROPE,472,UNIVERSITY OF STIRLING,25.11,10788
9218,Belgium,EUROPE,473,HASSELT UNIVERSITY,25.1,5683
9219,Israel,ASIA,474,BEN-GURION UNIVERSITY OF THE NEGEV,25.07,15630
9220,United States,NORTH AMERICA,475,FLORIDA STATE UNIVERSITY,24.99,38241
9221,United States,NORTH AMERICA,476,"UNIVERSITY OF MISSOURI, COLUMBIA",24.95,25301
9222,Israel,ASIA,477,BAR-ILAN UNIVERSITY,24.84,16809
9223,United States,NORTH AMERICA,478,UNIVERSITY OF TEXAS DALLAS,24.83,27265
9224,Japan,ASIA,479,CHIBA UNIVERSITY,24.78,13484
9225,Taiwan,ASIA,480,CHANG GUNG UNIVERSITY,24.75,6890
9226,Belgium,EUROPE,481,UNIVERSITÃ‰ DE LIÃˆGE,24.71,23060
9227,South Africa,AFRICA,482,STELLENBOSCH UNIVERSITY,24.64,23745
9228,Kazakhstan,ASIA,483,AUEZOV SOUTH KAZAKHSTAN UNIVERSITY (SKU),24.61,18760
9229,South Korea,ASIA,484,THE CATHOLIC UNIVERSITY OF KOREA,24.57,8968
9230,United Kingdom,EUROPE,485,ASTON UNIVERSITY,24.53,13877
9231,Italy,EUROPE,486,UNIVERSITY OF TURIN,24.51,59522
9232,Chile,SOUTH AMERICA,487,UNIVERSIDAD DE SANTIAGO DE CHILE (USACH),24.41,22927
9233,Russia,EUROPE,488,THE NATIONAL UNIVERSITY OF SCIENCE AND TECHNOLOGY MISIS,24.4,7250
9234,Japan,ASIA,489,YOKOHAMA CITY UNIVERSITY,24.4,5139
9235,Ireland,EUROPE,490,DUBLIN CITY UNIVERSITY,24.32,14164
9236,Germany,EUROPE,491,JUSTUS-LIEBIG-UNIVERSITY GIESSEN,24.31,24945
9237,Brazil,SOUTH AMERICA,492,UNESP,24.22,42008
9238,Spain,EUROPE,493,UNIVERSITY OF GRANADA,24.18,49856
9239,South Korea,ASIA,494,SOGANG UNIVERSITY,24.13,9388
9240,Italy,EUROPE,495,"UNIVERSITY OF ROME ""TOR VERGATA""",24.13,21522
9241,Australia,OCEANIA,496,WESTERN SYDNEY UNIVERSITY,24.11,33026
9242,United States,NORTH AMERICA,497,BOSTON COLLEGE,24.11,14945
9243,United States,NORTH AMERICA,498,IOWA STATE UNIVERSITY,24.1,29458
9244,South Korea,ASIA,499,DONGGUK UNIVERSITY,24.08,17578
9245,Germany,EUROPE,500,CHRISTIAN-ALBRECHTS-UNIVERSITY ZU KIEL,24.06,26205
9246,Canada,NORTH AMERICA,501,YORK UNIVERSITY,24.06,43324
9247,France,EUROPE,502,UNIVERSITY OF BORDEAUX,24.04,54356
9248,Kazakhstan,ASIA,503,SATBAYEV UNIVERSITY,23.94,10533
9249,Ireland,EUROPE,504,UNIVERSITY OF LIMERICK,23.92,14589
9250,France,EUROPE,505,AIX-MARSEILLE UNIVERSITY,23.88,67724
9251,Austria,EUROPE,506,UNIVERSITY OF KLAGENFURT,23.88,3459
9252,Poland,EUROPE,507,WARSAW UNIVERSITY OF TECHNOLOGY,23.8,20623
9253,Cuba,NORTH AMERICA,508,UNIVERSIDAD DE LA HABANA,23.66,13471
9254,India,ASIA,509,UNIVERSITY OF DELHI,23.66,27471
9255,China,ASIA,510,JILIN UNIVERSITY,23.61,68551
9256,Germany,EUROPE,511,UNIVERSITÃ„T KONSTANZ,23.59,11419
9257,United States,NORTH AMERICA,512,MISSOURI UNIVERSITY OF SCIENCE AND TECHNOLOGY,23.54,6509
9258,Singapore,ASIA,513,SINGAPORE MANAGEMENT UNIVERSITY,23.47,8745
9259,Indonesia,ASIA,514,BOGOR AGRICULTURAL UNIVERSITY,23.43,23048
9260,United States,NORTH AMERICA,515,WAYNE STATE UNIVERSITY,23.34,21139
9261,Turkey,ASIA,516,KOÃ‡ UNIVERSITY,23.28,6341
9262,Spain,EUROPE,517,UNIVERSIDAD DE ALCALÃ,23.28,17446
9263,Ukraine,EUROPE,518,V. N. KARAZIN KHARKIV NATIONAL UNIVERSITY,23.23,17184
9264,Lebanon,ASIA,519,UNIVERSITY OF BALAMAND,23.16,3876
9265,Malaysia,ASIA,520,UNIVERSITI UTARA MALAYSIA (UUM),23.15,12501
9266,Cuba,NORTH AMERICA,521,"UNIVERSIDAD CENTRAL ""MARTA ABREU"" DE LAS VILLAS",23.04,6950
9267,Saudi Arabia,ASIA,522,IMAM ABDULRAHMAN BIN FAISAL UNIVERSITY (IAU) (FORMERLY UNIVERSITY OF DAMMAM),23,23781
9268,Canada,NORTH AMERICA,523,CONCORDIA UNIVERSITY,22.99,36177
9269,France,EUROPE,524,UNIVERSITÃ‰ DE MONTPELLIER,22.96,41320
9270,Germany,EUROPE,525,UNIVERSITY OF BAYREUTH,22.92,7729
9271,China,ASIA,526,CHINA UNIVERSITY OF GEOSCIENCES,22.86,26798
9272,Taiwan,ASIA,527,NATIONAL CENTRAL UNIVERSITY,22.86,11173
9273,Finland,EUROPE,528,UNIVERSITY OF EASTERN FINLAND,22.84,11913
9274,China,ASIA,529,CENTRAL SOUTH UNIVERSITY,22.8,56344
9275,"Iran, Islamic Republic Of",ASIA,530,UNIVERSITY OF TEHRAN,22.8,45295
9276,China,ASIA,531,EAST CHINA NORMAL UNIVERSITY,22.75,28546
9277,South Korea,ASIA,532,AJOU UNIVERSITY,22.62,9113
9278,Lebanon,ASIA,533,SAINT JOSEPH UNIVERSITY OF BEIRUT (USJ),22.61,7714
9279,Costa Rica,NORTH AMERICA,534,UNIVERSIDAD DE COSTA RICA,22.61,32124
9280,France,EUROPE,535,INSTITUT NATIONAL DES SCIENCES APPLIQUÃ‰ES DE LYON (INSA),22.5,6367
9281,United States,NORTH AMERICA,536,UNIVERSITY OF DELAWARE,22.48,21747
9282,Japan,ASIA,537,HITOTSUBASHI UNIVERSITY,22.4,5995
9283,United States,NORTH AMERICA,538,OREGON STATE UNIVERSITY,22.4,24835
9284,Russia,EUROPE,539,NATIONAL RESEARCH SARATOV STATE UNIVERSITY,22.37,9336
9285,Japan,ASIA,540,NAGASAKI UNIVERSITY,22.22,8809
9286,United States,NORTH AMERICA,541,LEHIGH UNIVERSITY,22.2,6518
9287,Spain,EUROPE,542,UNIVERSIDAD DE ZARAGOZA,22.18,28507
9288,Russia,EUROPE,543,SOUTHERN FEDERAL UNIVERSITY,22.16,17451
9289,Turkey,ASIA,544,SABANCI UNIVERSITY,22.15,3966
9290,China,ASIA,545,NORTHWESTERN POLYTECHNICAL UNIVERSITY,22.1,32862
9291,"Iran, Islamic Republic Of",ASIA,546,IRAN UNIVERSITY OF SCIENCE AND TECHNOLOGY,22.03,15299
9292,South Korea,ASIA,547,KYUNGPOOK NATIONAL UNIVERSITY,22.03,18992
9293,Japan,ASIA,548,NIIGATA UNIVERSITY,22.03,12248
9294,United States,NORTH AMERICA,549,THE UNIVERSITY OF GEORGIA,22.01,36322
9295,United Kingdom,EUROPE,550,ABERYSTWYTH UNIVERSITY,21.99,6317
9296,South Korea,ASIA,551,UNIVERSITY OF ULSAN,21.99,12415
9297,United States,NORTH AMERICA,552,"THE UNIVERSITY OF TENNESSEE, KNOXVILLE",21.95,28321
9298,Hungary,EUROPE,553,UNIVERSITY OF SZEGED,21.87,18717
9299,Kazakhstan,ASIA,554,ABAI KAZAKH NATIONAL PEDAGOGICAL UNIVERSITY,21.85,16670
9300,Italy,EUROPE,555,UNIVERSITÃ€ CATTOLICA DEL SACRO CUORE,21.81,25771
9301,Greece,EUROPE,556,ARISTOTLE UNIVERSITY OF THESSALONIKI,21.79,49715
9302,Kazakhstan,ASIA,557,KAZAKH NATIONAL AGRARIAN UNIVERSITY KAZNAU,21.79,8192
9303,Czech Republic,EUROPE,558,MASARYK UNIVERSITY,21.79,29768
9304,Turkey,ASIA,559,MIDDLE EAST TECHNICAL UNIVERSITY,21.73,16562
9305,Spain,EUROPE,560,UNIVERSIDAD DE SEVILLA,21.71,50041
9306,Mexico,NORTH AMERICA,561,UNIVERSIDAD PANAMERICANA (UP),21.67,13534
9307,France,EUROPE,562,UNIVERSITÃ‰ PAUL SABATIER TOULOUSE III,21.66,31388
9308,South Korea,ASIA,563,HALLYM UNIVERSITY,21.61,7759
9309,United States,NORTH AMERICA,564,THE NEW SCHOOL,21.59,10399
9310,India,ASIA,565,JAWAHARLAL NEHRU UNIVERSITY,21.55,8840
9311,Germany,EUROPE,566,TECHNISCHE UNIVERSITÃ„T BRAUNSCHWEIG,21.49,19871
9312,Switzerland,EUROPE,567,UNIVERSITÃ‰ DE FRIBOURG,21.47,10944
9313,Italy,EUROPE,568,UNIVERSITÃ€ DEGLI STUDI DI PAVIA,21.44,19171
9314,South Korea,ASIA,569,INHA UNIVERSITY,21.39,14982
9315,Russia,EUROPE,570,ALTAI STATE UNIVERSITY,21.31,9188
9316,Japan,ASIA,571,OSAKA CITY UNIVERSITY,21.25,8226
9317,Germany,EUROPE,572,UNIVERSITÃ„T BREMEN,21.22,17903
9318,China,ASIA,573,HUNAN UNIVERSITY,21.19,38180
9319,Egypt,AFRICA,574,CAIRO UNIVERSITY,21.17,199958
9320,China,ASIA,575,EAST CHINA UNIVERSITY OF SCIENCE AND TECHNOLOGY,21.17,28975
9321,United States,NORTH AMERICA,576,UNIVERSITY OF NEBRASKA - LINCOLN,21.09,23525
9322,Portugal,EUROPE,577,UNIVERSITY OF MINHO,21.07,19843
9323,South Korea,ASIA,578,JEONBUK NATIONAL UNIVERSITY,20.99,19365
9324,Lebanon,ASIA,579,HOLY SPIRIT UNIVERSITY OF KASLIK,20.97,5182
9325,Georgia,ASIA,580,IVANE JAVAKHISHVILI TBILISI STATE UNIVERSITY,20.89,22475
9326,China,ASIA,581,DALIAN UNIVERSITY OF TECHNOLOGY,20.87,37163
9327,Spain,EUROPE,582,UNIVERSITAT DE VALENCIA,20.87,48010
9328,Russia,EUROPE,583,SAMARA NATIONAL RESEARCH UNIVERSITY (SAMARA UNIVERSITY),20.81,8505
9329,Australia,OCEANIA,584,MURDOCH UNIVERSITY,20.75,11098
9330,United States,NORTH AMERICA,585,UNIVERSITY OF SOUTH FLORIDA,20.67,40379
9331,Lebanon,ASIA,586,LEBANESE AMERICAN UNIVERSITY,20.65,7898
9332,Argentina,SOUTH AMERICA,587,UNIVERSIDAD NACIONAL DE LA PLATA (UNLP),20.63,57931
9333,Japan,ASIA,588,OKAYAMA UNIVERSITY,20.61,13103
9334,Canada,NORTH AMERICA,589,UNIVERSITY OF GUELPH,20.61,20992
9335,Hong Kong,ASIA,590,"LINGNAN UNIVERSITY, HONG KONG",20.55,3565
9336,Germany,EUROPE,591,UNIVERSITÃ„T REGENSBURG,20.53,20539
9337,Bahrain,ASIA,592,APPLIED SCIENCE UNIVERSITY - BAHRAIN,20.43,1860
9338,Taiwan,ASIA,593,NATIONAL CHENGCHI UNIVERSITY,20.39,10811
9339,Bulgaria,EUROPE,594,"SOFIA UNIVERSITY ""ST. KLIMENT OHRIDSKI""",20.32,19562
9340,India,ASIA,595,SAVITRIBAI PHULE PUNE UNIVERSITY,20.24,4427
9341,Canada,NORTH AMERICA,596,UNIVERSITÃ‰ DU QUÃ‰BEC,20.22,73206
9342,Turkey,ASIA,597,BILKENT UNIVERSITY,20.19,9650
9343,Colombia,SOUTH AMERICA,598,UNIVERSIDAD EXTERNADO DE COLOMBIA,20.17,12406
9344,China,ASIA,599,UNIVERSITY OF ELECTRONIC SCIENCE AND TECHNOLOGY OF CHINA,20.14,33428
9345,Hungary,EUROPE,600,UNIVERSITY OF DEBRECEN,20.13,24478
9346,Slovenia,EUROPE,601,UNIVERSITY OF LJUBLJANA,20.09,37615
9347,Japan,ASIA,602,KUMAMOTO UNIVERSITY,20.07,9713
9348,India,ASIA,603,INDIAN INSTITUTE OF TECHNOLOGY HYDERABAD,20.06,3178
9349,United Arab Emirates,ASIA,604,CANADIAN UNIVERSITY DUBAI,20.02,1051
9350,South Africa,AFRICA,605,UNIVERSITY OF PRETORIA,19.91,36492
9351,United Kingdom,EUROPE,606,COVENTRY UNIVERSITY,19.89,32967
9352,Australia,OCEANIA,607,VICTORIA UNIVERSITY,19.89,16178
9353,China,ASIA,608,SHENZHEN UNIVERSITY,19.85,39927
9354,Canada,NORTH AMERICA,609,UNIVERSITY OF MANITOBA,19.72,31309
9355,China,ASIA,610,RENMIN (PEOPLE'S) UNIVERSITY OF CHINA,19.71,27756
9356,South Korea,ASIA,611,PUSAN NATIONAL UNIVERSITY,19.7,22670
9357,Thailand,ASIA,612,THAMMASAT UNIVERSITY,19.69,30995
9358,Australia,OCEANIA,613,CENTRAL QUEENSLAND UNIVERSITY (CQUNIVERSITY AUSTRALIA),19.68,9725
9359,Portugal,EUROPE,614,UNIVERSITY OF AVEIRO,19.67,13852
9360,Japan,ASIA,615,GIFU UNIVERSITY,19.6,7273
9361,Chile,SOUTH AMERICA,616,UNIVERSIDAD DE CONCEPCIÃ“N,19.59,26203
9362,France,EUROPE,617,UNIVERSITY PARIS 2 PANTHÃ‰ON-ASSAS,19.55,15921
9363,Thailand,ASIA,618,CHIANG MAI UNIVERSITY,19.5,34794
9364,United Kingdom,EUROPE,619,BANGOR UNIVERSITY,19.48,8206
9365,Mexico,NORTH AMERICA,620,UNIVERSIDAD ANÃHUAC MÃ‰XICO,19.48,16220
9366,China,ASIA,621,SOOCHOW UNIVERSITY,19.44,48549
9367,Italy,EUROPE,622,UNIVERSITY OF SIENA,19.44,12150
9368,United States,NORTH AMERICA,623,CLARK UNIVERSITY,19.43,3196
9369,Canada,NORTH AMERICA,624,CARLETON UNIVERSITY,19.4,26192
9370,Japan,ASIA,625,TOKYO UNIVERSITY OF AGRICULTURE AND TECHNOLOGY,19.4,5693
9371,United Kingdom,EUROPE,626,"KINGSTON UNIVERSITY, LONDON",19.35,15893
9372,China,ASIA,627,CHINA AGRICULTURAL UNIVERSITY,19.34,20514
9373,Argentina,SOUTH AMERICA,628,UNIVERSIDAD NACIONAL DEL CENTRO DE LA PROVINCIA DE BUENOS AIRES (UNICEN),19.34,15196
9374,Ukraine,EUROPE,629,TARAS SHEVCHENKO NATIONAL UNIVERSITY OF KYIV,19.28,24828
9375,United Kingdom,EUROPE,630,UNIVERSITY OF PLYMOUTH,19.28,16180
9376,Japan,ASIA,631,KANAZAWA UNIVERSITY,19.27,9893
9377,Italy,EUROPE,632,UNIVERSITY OF GENOA,19.24,22576
9378,United Arab Emirates,ASIA,633,UNIVERSITY OF SHARJAH,19.24,13843
9379,Finland,EUROPE,634,ABO AKADEMI UNIVERSITY,19.23,5620
9380,Jordan,ASIA,635,UNIVERSITY OF JORDAN,19.16,35256
9381,South Korea,ASIA,636,SEJONG UNIVERSITY,19.14,12250
9382,Spain,EUROPE,637,UNIVERSITAT RAMON LLULL,19.14,17224
9383,United States,NORTH AMERICA,638,SMITH COLLEGE,19.13,2868
9384,Slovakia,EUROPE,639,PAVOL JOZEF Å AFÃRIK UNIVERSITY IN KOÅ ICE,19.1,6866
9385,United States,NORTH AMERICA,640,UNIVERSITY OF CINCINNATI,19.04,32517
9386,Philippines,ASIA,641,ATENEO DE MANILA UNIVERSITY,19.03,12377
9387,Germany,EUROPE,642,LEIBNIZ UNIVERSITY HANNOVER,19,22915
9388,Malaysia,ASIA,643,MANAGEMENT AND SCIENCE UNIVERSITY,18.85,7002
9389,Spain,EUROPE,644,UNIVERSIDAD PONTIFICIA COMILLAS,18.84,9047
9390,South Korea,ASIA,645,KONKUK UNIVERSITY,18.78,22150
9391,Kazakhstan,ASIA,646,S.D. ASFENDIYAROV KAZAKH NATIONAL MEDICAL UNIVERSITY,18.76,11534
9392,Germany,EUROPE,647,UNIVERSITY OF HOHENHEIM,18.72,8965
9393,China,ASIA,648,NANJING UNIVERSITY OF SCIENCE AND TECHNOLOGY,18.71,0
9394,Czech Republic,EUROPE,649,PALACKÃ UNIVERSITY OLOMOUC,18.69,19474
9395,United States,NORTH AMERICA,650,UNIVERSITY OF SOUTH CAROLINA,18.68,32884
9396,United Arab Emirates,ASIA,651,AMERICAN UNIVERSITY IN DUBAI,18.65,1572
9397,Spain,EUROPE,652,UNIVERSITY OF SALAMANCA,18.64,23436
9398,China,ASIA,653,CHONGQING UNIVERSITY,18.58,42603
9399,Russia,EUROPE,654,SECHENOV UNIVERSITY,18.54,16365
9400,Austria,EUROPE,655,KARL-FRANZENS-UNIVERSITAET GRAZ,18.53,19827
9401,Japan,ASIA,656,TOKUSHIMA UNIVERSITY,18.53,7482
9402,Pakistan,ASIA,657,LAHORE UNIVERSITY OF MANAGEMENT SCIENCES (LUMS),18.5,4636
9403,Greece,EUROPE,658,UNIVERSITY OF CRETE,18.45,14119
9404,United Kingdom,EUROPE,659,UNIVERSITY OF HULL,18.43,12656
9405,United States,NORTH AMERICA,660,DREXEL UNIVERSITY,18.42,20817
9406,Ukraine,EUROPE,661,"NATIONAL TECHNICAL UNIVERSITY  ""KHARKIV POLYTECHNIC INSTITUTE""",18.38,11413
9407,Germany,EUROPE,662,UNIVERSITÃ„T ROSTOCK,18.34,13647
9408,Colombia,SOUTH AMERICA,663,UNIVERSIDAD PONTIFICIA BOLIVARIANA,18.32,7030
9409,Colombia,SOUTH AMERICA,664,UNIVERSIDAD DE ANTIOQUIA,18.32,38508
9410,United States,NORTH AMERICA,665,UNIVERSITY OF KENTUCKY,18.32,27329
9411,United Kingdom,EUROPE,666,ULSTER UNIVERSITY,18.31,22848
9412,Hungary,EUROPE,667,EÃ–TVÃ–S LORÃND UNIVERSITY,18.3,26914
9413,United States,NORTH AMERICA,668,UNIVERSITY OF VERMONT,18.3,12118
9414,Malaysia,ASIA,669,UNIVERSITI TEKNOLOGI MARA - UITM,18.29,58540
9415,India,ASIA,670,UNIVERSITY OF HYDERABAD,18.28,5327
9416,United States,NORTH AMERICA,671,AMERICAN UNIVERSITY,18.27,11660
9417,United Kingdom,EUROPE,672,UNIVERSITY OF PORTSMOUTH,18.25,24361
9418,Greece,EUROPE,673,NATIONAL AND KAPODISTRIAN UNIVERSITY OF ATHENS,18.22,64946
9419,India,ASIA,674,JADAVPUR UNIVERSITY,18.21,12241
9420,Saudi Arabia,ASIA,675,KING KHALID UNIVERSITY,18.2,38669
9421,United States,NORTH AMERICA,676,HOWARD UNIVERSITY,18.15,10294
9422,Peru,SOUTH AMERICA,677,UNIVERSIDAD PERUANA CAYETANO HEREDIA (UPCH),18.15,6027
9423,Australia,OCEANIA,678,EDITH COWAN UNIVERSITY,18.12,14233
9424,Malaysia,ASIA,679,INTERNATIONAL ISLAMIC UNIVERSITY MALAYSIA (IIUM),18.1,26266
9425,United States,NORTH AMERICA,680,UNIVERSITY OF OKLAHOMA,18.1,23692
9426,Brazil,SOUTH AMERICA,681,UNIVERSIDADE FEDERAL DE MINAS GERAIS,18.02,49052
9427,Italy,EUROPE,682,UNIVERSITY OF TRIESTE,18.02,16314
9428,Malaysia,ASIA,683,SUNWAY UNIVERSITY,17.93,4333
9429,Russia,EUROPE,684,IMMANUEL KANT BALTIC FEDERAL UNIVERSITY,17.91,8134
9430,Russia,EUROPE,685,LOBACHEVSKY UNIVERSITY,17.86,16387
9431,Canada,NORTH AMERICA,686,UNIVERSITY OF NEW BRUNSWICK,17.86,8307
9432,Brazil,SOUTH AMERICA,687,PONTIFÃCIA UNIVERSIDADE CATÃ“LICA DO RIO DE JANEIRO,17.84,9978
9433,United States,NORTH AMERICA,688,UNIVERSITY OF OREGON,17.84,20387
9434,United States,NORTH AMERICA,689,MICHIGAN TECHNOLOGICAL UNIVERSITY,17.83,6319
9435,Japan,ASIA,690,KAGOSHIMA UNIVERSITY,17.78,10326
9436,United States,NORTH AMERICA,691,UNIVERSITY OF NEW MEXICO,17.78,17346
9437,Hungary,EUROPE,692,UNIVERSITY OF PECS,17.69,16833
9438,Macau Sar,ASIA,693,MACAU UNIVERSITY OF SCIENCE AND TECHNOLOGY,17.67,10550
9439,Belgium,EUROPE,694,UNIVERSITY OF MONS,17.63,7715
9440,Slovakia,EUROPE,695,COMENIUS UNIVERSITY IN BRATISLAVA,17.6,21124
9441,Colombia,SOUTH AMERICA,696,UNIVERSIDAD ICESI,17.56,6033
9442,Italy,EUROPE,697,FREE UNIVERSITY OF BOZEN-BOLZANO,17.55,4194
9443,United States,NORTH AMERICA,698,COLLEGE OF WILLIAM AND MARY,17.5,8709
9444,United States,NORTH AMERICA,699,SYRACUSE UNIVERSITY,17.5,19621
9445,United States,NORTH AMERICA,700,UNIVERSITY OF MASSACHUSETTS BOSTON,17.5,12751
9446,United Arab Emirates,ASIA,701,ZAYED UNIVERSITY,17.49,7748
9447,Taiwan,ASIA,702,NATIONAL CHUNG HSING UNIVERSITY,17.46,12771
9448,France,EUROPE,703,UNIVERSITÃ‰ CLAUDE BERNARD LYON 1,17.46,37094
9449,United States,NORTH AMERICA,704,CITY UNIVERSITY OF NEW YORK,17.43,123893
9450,Australia,OCEANIA,705,UNIVERSITY OF SOUTHERN QUEENSLAND,17.43,12111
9451,United Arab Emirates,ASIA,706,AL AIN UNIVERSITY,17.37,2900
9452,United States,NORTH AMERICA,707,UNIVERSITY OF HOUSTON,17.37,38027
9453,France,EUROPE,708,UNIVERSITÃ‰ CÃ”TE D'AZUR,17.37,31962
9454,China,ASIA,709,BEIJING UNIVERSITY OF TECHNOLOGY,17.34,24870
9455,Israel,ASIA,710,UNIVERSITY OF HAIFA,17.34,17353
9456,Turkey,ASIA,711,BOGAZIÃ‡I ÃœNIVERSITESI,17.31,13772
9457,Russia,EUROPE,712,UFA STATE AVIATION TECHNICAL UNIVERSITY,17.29,20752
9458,Czech Republic,EUROPE,713,BRNO UNIVERSITY OF TECHNOLOGY,17.21,18327
9459,Lebanon,ASIA,714,LEBANESE UNIVERSITY,17.17,47334
9460,Tunisia,AFRICA,715,UNIVERSITÃ‰ DE SOUSSE,17.13,24999
9461,Japan,ASIA,716,GUNMA UNIVERSITY,17.12,6252
9462,Germany,EUROPE,717,PHILIPPS-UNIVERSITÃ„T MARBURG,17.12,23120
9463,Germany,EUROPE,718,UNIVERSITÃ„T POTSDAM,17.11,14060
9464,United Kingdom,EUROPE,719,NORTHUMBRIA UNIVERSITY AT NEWCASTLE,17.07,25443
9465,United Kingdom,EUROPE,720,UNIVERSITY OF HUDDERSFIELD,17.05,14662
9466,United States,NORTH AMERICA,721,VIRGINIA COMMONWEALTH UNIVERSITY,17.05,25271
9467,Spain,EUROPE,722,UNIVERSIDADE DE SANTIAGO DE COMPOSTELA,17.04,24485
9468,United Kingdom,EUROPE,723,UNIVERSITY OF WESTMINSTER,17.04,17571
9469,Italy,EUROPE,724,UNIVERSITY OF MODENA AND REGGIO EMILIA,17.01,26037
9470,India,ASIA,725,O.P. JINDAL GLOBAL UNIVERSITY,17,6650
9471,Spain,EUROPE,726,UNIVERSITAT ROVIRA I VIRGILI,16.97,13695
9472,United States,NORTH AMERICA,727,NEW JERSEY INSTITUTE OF TECHNOLOGY (NJIT),16.93,9011
9473,Mexico,NORTH AMERICA,728,UNIVERSIDAD IBEROAMERICANA IBERO,16.93,12884
9474,United Arab Emirates,ASIA,729,AJMAN UNIVERSITY,16.87,5041
9475,Russia,EUROPE,730,SAINT PETERSBURG ELECTROTECHNICAL UNIVERSITY ETU-LETI,16.75,8486
9476,United Arab Emirates,ASIA,731,ABU DHABI UNIVERSITY,16.73,2765
9477,Japan,ASIA,732,TOKYO METROPOLITAN UNIVERSITY,16.73,9116
9478,Canada,NORTH AMERICA,733,UNIVERSITY OF WINDSOR,16.73,13248
9479,India,ASIA,734,INDIAN INSTITUTE OF TECHNOLOGY BHUBANESWAR,16.71,2498
9480,Turkey,ASIA,735,ISTANBUL TECHNICAL UNIVERSITY,16.71,24087
9481,Russia,EUROPE,736,PLEKHANOV RUSSIAN UNIVERSITY OF ECONOMICS,16.71,13642
9482,Colombia,SOUTH AMERICA,737,UNIVERSIDAD DE LA SABANA,16.67,11694
9483,Italy,EUROPE,738,POLITECNICO DI BARI,16.64,10229
9484,Venezuela,SOUTH AMERICA,739,UNIVERSIDAD CENTRAL DE VENEZUELA,16.64,41059
9485,United Kingdom,EUROPE,740,MIDDLESEX UNIVERSITY,16.6,16438
9486,Argentina,SOUTH AMERICA,741,UNIVERSIDAD DE SAN ANDRÃ‰S - UDESA,16.53,2068
9487,Japan,ASIA,742,OSAKA PREFECTURE UNIVERSITY,16.48,7727
9488,Lebanon,ASIA,743,NOTRE DAME UNIVERSITY-LOUAIZE NDU,16.34,4195
9489,Saudi Arabia,ASIA,744,PRINCE MOHAMMAD BIN FAHD UNIVERSITY,16.33,2674
9490,Argentina,SOUTH AMERICA,745,INSTITUTO TECNOLÃ“GICO DE BUENOS AIRES (ITBA),16.31,3527
9491,United Kingdom,EUROPE,746,UNIVERSITY OF BRADFORD,16.31,8988
9492,Spain,EUROPE,747,UNIVERSITY OF THE BASQUE COUNTRY,16.3,36627
9493,Australia,OCEANIA,748,CHARLES DARWIN UNIVERSITY,16.26,7857
9494,United States,NORTH AMERICA,749,STEVENS INSTITUTE OF TECHNOLOGY,16.23,6175
9495,Ukraine,EUROPE,750,"NATIONAL TECHNICAL UNIVERSITY OF UKRAINE ""IGOR SIKORSKY KYIV POLYTECHNIC INSTITUTE""",16.21,21772
9496,Saudi Arabia,ASIA,751,JOUF UNIVERSITY,16.17,20580
9497,Ukraine,EUROPE,752,SUMY STATE UNIVERSITY,16.17,8452
9498,Kazakhstan,ASIA,753,KARAGANDA STATE TECHNICAL UNIVERSITY,16.15,5324
9499,Estonia,EUROPE,754,TALLINN UNIVERSITY OF TECHNOLOGY (TALTECH),16.15,8739
9500,"Iran, Islamic Republic Of",ASIA,755,SHIRAZ UNIVERSITY,16.1,14405
9501,United States,NORTH AMERICA,756,TEMPLE UNIVERSITY,16.09,32672
9502,Brazil,SOUTH AMERICA,757,UNIVERSIDADE FEDERAL DO RIO GRANDE DO SUL,16.08,40502
9503,South Korea,ASIA,758,CHONNAM NATIONAL UNIVERSITY,15.99,20697
9504,Mexico,NORTH AMERICA,759,INSTITUTO POLITÃ‰CNICO NACIONAL (IPN),15.99,141583
9505,Argentina,SOUTH AMERICA,760,UNIVERSIDAD TORCUATO DI TELLA,15.99,2480
9506,Malaysia,ASIA,761,UNIVERSITI TENAGA NASIONAL (UNITEN),15.98,4172
9507,Australia,OCEANIA,762,SOUTHERN CROSS UNIVERSITY,15.89,9529
9508,United States,NORTH AMERICA,763,GEORGIA STATE UNIVERSITY,15.88,30384
9509,United Kingdom,EUROPE,764,KEELE UNIVERSITY,15.88,9611
9510,South Korea,ASIA,765,DANKOOK UNIVERSITY,15.81,23239
9511,Italy,EUROPE,766,UNIVERSITY OF BRESCIA,15.78,11335
9512,Mexico,NORTH AMERICA,767,INSTITUTO TECNOLÃ“GICO AUTÃ“NOMO DE MÃ‰XICO (ITAM),15.65,5275
9513,United States,NORTH AMERICA,768,UNIVERSITY OF DENVER,15.62,8100
9514,Lithuania,EUROPE,769,VILNIUS GEDIMINAS TECHNICAL UNIVERSITY,15.62,6750
9515,South Korea,ASIA,770,CHUNGNAM NATIONAL UNIVERSITY,15.59,18012
9516,India,ASIA,771,"MANIPAL ACADEMY OF HIGHER EDUCATION, MANIPAL, KARNATAKA, INDIA",15.59,23600
9517,United States,NORTH AMERICA,772,UNIVERSITY AT ALBANY SUNY,15.59,15504
9518,United Kingdom,EUROPE,773,BOURNEMOUTH UNIVERSITY,15.51,15283
9519,Chile,SOUTH AMERICA,774,UNIVERSIDAD ADOLFO IBÃÃ‘EZ,15.51,10542
9520,Italy,EUROPE,775,UNIVERSITÃ€ DEGLI STUDI DI PERUGIA,15.51,25449
9521,China,ASIA,776,LANZHOU UNIVERSITY,15.47,32812
9522,Germany,EUROPE,777,UNIVERSITY DUESSELDORF,15.46,34913
9523,Ireland,EUROPE,778,MAYNOOTH UNIVERSITY,15.45,11766
9524,United Kingdom,EUROPE,779,UNIVERSITY OF GREENWICH,15.41,19355
9525,Kuwait,ASIA,780,AMERICAN UNIVERSITY OF THE MIDDLE EAST,15.34,5143
9526,India,ASIA,781,JAMIA MILLIA ISLAMIA,15.31,8734
9527,Colombia,SOUTH AMERICA,782,UNIVERSIDAD DEL ROSARIO,15.29,10692
9528,Latvia,EUROPE,783,RIGA TECHNICAL UNIVERSITY,15.27,10689
9529,China,ASIA,784,JINAN UNIVERSITY (CHINA),15.24,39846
9530,United States,NORTH AMERICA,785,UNIVERSITY OF CENTRAL FLORIDA,15.23,56091
9531,Canada,NORTH AMERICA,786,UNIVERSITÃ‰ DE SHERBROOKE,15.23,14373
9532,United States,NORTH AMERICA,787,CLARKSON UNIVERSITY,15.22,4030
9533,China,ASIA,788,NORTHWEST UNIVERSITY (CHINA),15.21,22662
9534,United States,NORTH AMERICA,789,"UNIVERSITY OF MARYLAND, BALTIMORE COUNTY",15.15,11457
9535,Canada,NORTH AMERICA,790,MEMORIAL UNIVERSITY OF NEWFOUNDLAND,15.13,16317
9536,Croatia,EUROPE,791,UNIVERSITY OF ZAGREB,15.08,58474
9537,Ecuador,SOUTH AMERICA,792,UNIVERSIDAD SAN FRANCISCO DE QUITO (USFQ),15.06,7382
9538,United States,NORTH AMERICA,793,WORCESTER POLYTECHNIC INSTITUTE,15.06,5865
9539,Saudi Arabia,ASIA,794,PRINCESS NOURAH BINT ABDULRAHMAN UNIVERSITY,14.97,22971
9540,Uruguay,SOUTH AMERICA,795,UNIVERSIDAD DE LA REPÃšBLICA (UDELAR),14.96,76215
9541,Belarus,EUROPE,796,BELARUSIAN NATIONAL TECHNICAL UNIVERSITY (BNTU),14.94,17432
9542,Indonesia,ASIA,797,INSTITUT TEKNOLOGI SEPULUH NOPEMBER (ITS SURABAYA),14.93,18415
9543,Chile,SOUTH AMERICA,798,PONTIFICIA UNIVERSIDAD CATÃ“LICA DE VALPARAÃSO,14.93,17469
9544,Japan,ASIA,799,RITSUMEIKAN UNIVERSITY,14.89,35119
9545,Kazakhstan,ASIA,800,NJSC KIMEP UNIVERSITY,14.84,1683
9546,Jordan,ASIA,801,JORDAN UNIVERSITY OF SCIENCE & TECHNOLOGY,14.78,18613
9547,France,EUROPE,802,UNIVERSITÃ‰ DE LILLE,14.75,66590
9548,Mexico,NORTH AMERICA,803,UNIVERSIDAD DE GUADALAJARA (UDG),14.74,140348
9549,United Kingdom,EUROPE,804,NOTTINGHAM TRENT UNIVERSITY,14.73,34265
9550,Greece,EUROPE,805,UNIVERSITY OF PATRAS,14.7,30730
9551,United States,NORTH AMERICA,806,KANSAS STATE UNIVERSITY,14.68,17599
9552,Italy,EUROPE,807,UNIVERSITA' POLITECNICA DELLE MARCHE,14.66,10200
9553,Uruguay,SOUTH AMERICA,808,UNIVERSIDAD CATÃ“LICA DEL URUGUAY (UCU),14.6,4029
9554,Austria,EUROPE,809,PARIS LODRON UNIVERSITY OF SALZBURG,14.57,7183
9555,Venezuela,SOUTH AMERICA,810,UNIVERSIDAD CATÃ“LICA ANDRES BELLO,14.54,11987
9556,France,EUROPE,811,CY CERGY PARIS UNIVERSITY,14.53,8757
9557,Japan,ASIA,812,TOKYO UNIVERSITY OF SCIENCE,14.51,17644
9558,Lithuania,EUROPE,813,KAUNAS UNIVERSITY OF TECHNOLOGY,14.48,7521
9559,United States,NORTH AMERICA,814,FLORIDA INTERNATIONAL UNIVERSITY,14.44,34409
9560,China,ASIA,815,BEIJING JIAOTONG UNIVERSITY,14.39,27932
9561,Czech Republic,EUROPE,816,MENDEL UNIVERSITY IN BRNO,14.38,8187
9562,Bahrain,ASIA,817,UNIVERSITY OF BAHRAIN,14.34,22403
9563,Hungary,EUROPE,818,BUDAPEST UNIVERSITY OF TECHNOLOGY AND ECONOMICS,14.3,18140
9564,Russia,EUROPE,819,UNIVERSITY OF TYUMEN,14.28,11933
9565,Australia,OCEANIA,820,AUSTRALIAN CATHOLIC UNIVERSITY,14.22,23728
9566,Thailand,ASIA,821,KASETSART UNIVERSITY,14.21,68618
9567,Spain,EUROPE,822,UNIVERSITY OF ALICANTE,14.1,22506
9568,Russia,EUROPE,823,SOUTH URAL STATE UNIVERSITY (NATIONAL RESEARCH UNIVERSITY),14.07,13769
9569,South Korea,ASIA,824,UNIVERSITY OF SEOUL,14.04,8568
9570,Poland,EUROPE,825,WROCLAW UNIVERSITY OF SCIENCE AND TECHNOLOGY (WRUST),14.04,22967
9571,United Kingdom,EUROPE,826,UNIVERSITY OF THE WEST OF ENGLAND,14,27187
9572,Ukraine,EUROPE,827,LVIV POLYTECHNIC NATIONAL UNIVERSITY,13.98,21062
9573,Italy,EUROPE,828,UNIVERSITA' DEGLI STUDI DI FERRARA,13.98,22392
9574,Argentina,SOUTH AMERICA,829,UNIVERSIDAD TECNOLÃ“GICA NACIONAL (UTN),13.97,70627
9575,Brazil,SOUTH AMERICA,830,UNIVERSIDADE DE BRASÃLIA,13.92,44903
9576,United Kingdom,EUROPE,831,UNIVERSITY OF BRIGHTON,13.92,14801
9577,United Kingdom,EUROPE,832,LIVERPOOL JOHN MOORES UNIVERSITY,13.88,23269
9578,Italy,EUROPE,833,CA' FOSCARI UNIVERSITY OF VENICE,13.87,15318
9579,United States,NORTH AMERICA,834,OKLAHOMA STATE UNIVERSITY,13.86,21562
9580,Philippines,ASIA,835,DE LA SALLE UNIVERSITY,13.84,12070
9581,Poland,EUROPE,836,UNIVERSITY OF WROCLAW,13.82,19876
9582,Mexico,NORTH AMERICA,837,UNIVERSIDAD AUTONOMA CHAPINGO,13.8,6228
9583,Slovenia,EUROPE,838,UNIVERSITY OF MARIBOR,13.8,12690
9584,United States,NORTH AMERICA,839,INDIANA UNIVERSITYâ€“PURDUE UNIVERSITY INDIANAPOLIS,13.74,21619
9585,Saudi Arabia,ASIA,840,ISLAMIC UNIVERSITY OF MADINAH,13.73,13924
9586,United States,NORTH AMERICA,841,CLEMSON UNIVERSITY,13.7,24089
9587,Malaysia,ASIA,842,UNIVERSITI MALAYSIA PAHANG,13.7,8433
9588,United Kingdom,EUROPE,843,MANCHESTER METROPOLITAN UNIVERSITY (MMU),13.69,31503
9589,United States,NORTH AMERICA,844,SOUTHERN METHODIST UNIVERSITY,13.68,10315
9590,Indonesia,ASIA,845,UNIVERSITAS PADJADJARAN,13.67,31751
9591,Mexico,NORTH AMERICA,846,UNIVERSIDAD AUTÃ“NOMA DEL ESTADO DE HIDALGO (UAEH),13.64,26996
9592,France,EUROPE,847,UNIVERSITÃ‰ DE RENNES 1,13.64,27825
9593,Poland,EUROPE,848,GDAÅƒSK UNIVERSITY OF TECHNOLOGY,13.63,11429
9594,United Kingdom,EUROPE,849,LONDON SOUTH BANK UNIVERSITY,13.62,14657
9595,Bangladesh,ASIA,850,UNIVERSITY OF DHAKA,13.62,33360
9596,Poland,EUROPE,851,"ADAM MICKIEWICZ UNIVERSITY, POZNAÅƒ",13.6,30152
9597,Slovakia,EUROPE,852,SLOVAK UNIVERSITY OF TECHNOLOGY IN BRATISLAVA,13.58,13108
9598,Armenia,ASIA,853,YEREVAN STATE UNIVERSITY,13.56,12402
9599,South Africa,AFRICA,854,RHODES UNIVERSITY,13.55,6496
9600,Germany,EUROPE,855,UNIVERSITÃ„T DUISBURG-ESSEN,13.53,41414
9601,Brazil,SOUTH AMERICA,856,UNIVERSIDADE FEDERAL DE SANTA CATARINA,13.46,35163
9602,Mexico,NORTH AMERICA,857,UNIVERSIDAD AUTÃ“NOMA METROPOLITANA (UAM),13.44,60865
9603,United Kingdom,EUROPE,858,UNIVERSITY OF EAST LONDON,13.38,14693
9604,Spain,EUROPE,859,UNIVERSIDAD DE OVIEDO,13.37,20307
9605,United States,NORTH AMERICA,860,LOUISIANA STATE UNIVERSITY,13.35,31292
9606,United States,NORTH AMERICA,861,UNIVERSITY OF TULSA,13.34,3682
9607,Japan,ASIA,862,YOKOHAMA NATIONAL UNIVERSITY,13.34,9641
9608,Poland,EUROPE,863,UNIVERSITY OF LODZ,13.26,38000
9609,Argentina,SOUTH AMERICA,864,UNIVERSIDAD NACIONAL DE ROSARIO (UNR),13.25,100435
9610,Canada,NORTH AMERICA,865,RYERSON UNIVERSITY,13.2,32129
9611,Brazil,SOUTH AMERICA,866,UNIVERSIDADE FEDERAL DE SÃƒO CARLOS (UFSCAR),13.2,16629
9612,Malta,EUROPE,867,UNIVERSITY OF MALTA,13.2,8814
9613,Russia,EUROPE,868,RUSSIAN PRESIDENTIAL ACADEMY OF NATIONAL ECONOMY AND PUBLIC ADMINISTRATION,13.16,46791
9614,Poland,EUROPE,869,NICOLAUS COPERNICUS UNIVERSITY,13.14,20096
9615,Saudi Arabia,ASIA,870,KING FAISAL UNIVERSITY,13.1,29759
9616,Japan,ASIA,871,SHINSHU UNIVERSITY,13.1,10799
9617,Bangladesh,ASIA,872,BANGLADESH UNIVERSITY OF ENGINEERING AND TECHNOLOGY,13.08,5021
9618,India,ASIA,873,UNIVERSITY OF CALCUTTA,13.07,14972
9619,Mexico,NORTH AMERICA,874,UNIVERSIDAD DE LAS AMÃ‰RICAS PUEBLA (UDLAP),13.06,5985
9620,China,ASIA,875,HARBIN ENGINEERING UNIVERSITY,13.04,28545
9621,Slovakia,EUROPE,876,UNIVERSITY OF Å½ILINA,13.04,7541
9622,China,ASIA,877,NANJING UNIVERSITY OF AERONAUTICS AND ASTRONAUTICS,13.03,30178
9623,United Kingdom,EUROPE,878,DE MONTFORT UNIVERSITY,13.02,24044
9624,Czech Republic,EUROPE,879,TECHNICAL UNIVERSITY OF LIBEREC,13.02,5294
9625,Malaysia,ASIA,880,UNIVERSITI MALAYSIA PERLIS,13.02,10662
9626,Japan,ASIA,881,YAMAGUCHI UNIVERSITY,13.01,10187
9627,United Kingdom,EUROPE,882,"QUEEN MARGARET UNIVERSITY , EDINBURGH",12.98,4604
9628,Iraq,ASIA,883,UNIVERSITY OF BAGHDAD,12.97,73873
9629,United States,NORTH AMERICA,884,UNIVERSITY OF NEW HAMPSHIRE,12.9,13306
9630,Peru,SOUTH AMERICA,885,UNIVERSIDAD NACIONAL MAYOR DE SAN MARCOS,12.89,32790
9631,Spain,EUROPE,886,UNIVERSITY OF MURCIA,12.86,26066
9632,Turkey,ASIA,887,ISTANBUL UNIVERSITY,12.84,63955
9633,Japan,ASIA,888,SOPHIA UNIVERSITY,12.84,13305
9634,Poland,EUROPE,889,AGH UNIVERSITY OF SCIENCE AND TECHNOLOGY,12.8,20811
9635,United States,NORTH AMERICA,890,RUTGERS UNIVERSITYâ€“NEWARK,12.8,10819
9636,Vietnam,ASIA,891,VIET NAM NATIONAL UNIVERSITY HO CHI MINH CITY (VNU-HCM),12.8,85506
9637,Kazakhstan,ASIA,892,KAZAKH-BRITISH TECHNICAL UNIVERSITY,12.78,3876
9638,Saudi Arabia,ASIA,893,QASSIM UNIVERSITY,12.74,39501
9639,Germany,EUROPE,894,TU DORTMUND UNIVERSITY,12.73,20314
9640,Thailand,ASIA,895,PRINCE OF SONGKLA UNIVERSITY,12.71,32779
9641,Italy,EUROPE,896,CATANIA UNIVERSITY,12.69,25909
9642,Hungary,EUROPE,897,SZÃ‰CHENYI ISTVÃN UNIVERSITY,12.69,8304
9643,Hungary,EUROPE,898,SZENT ISTVAN UNIVERSITY,12.66,9795
9644,Chile,SOUTH AMERICA,899,UNIVERSIDAD DIEGO PORTALES (UDP),12.65,17781
9645,Argentina,SOUTH AMERICA,900,UNIVERSIDAD NACIONAL DE SAN LUIS,12.65,18314
9646,Argentina,SOUTH AMERICA,901,UNIVERSIDAD NACIONAL DE CÃ“RDOBA - UNC,12.64,119259
9647,Taiwan,ASIA,902,NATIONAL CHUNG CHENG UNIVERSITY,12.59,8620
9648,Lebanon,ASIA,903,BEIRUT ARAB UNIVERSITY,12.57,5857
9649,Ireland,EUROPE,904,TECHNOLOGICAL UNIVERSITY DUBLIN,12.55,21363
9650,United Kingdom,EUROPE,905,LONDON METROPOLITAN UNIVERSITY,12.53,10667
9651,Brazil,SOUTH AMERICA,906,PONTIFÃCIA UNIVERSIDADE CATÃ“LICA DE SÃƒO PAULO,12.52,7035
9652,United States,NORTH AMERICA,907,LOYOLA UNIVERSITY CHICAGO,12.51,15572
9653,United States,NORTH AMERICA,908,UNIVERSITY OF MISSISSIPPI,12.51,19104
9654,Russia,EUROPE,909,PERM STATE NATIONAL RESEARCH UNIVERSITY,12.48,8695
9655,United Kingdom,EUROPE,910,UNIVERSITY OF HERTFORDSHIRE,12.42,22198
9656,Italy,EUROPE,911,UNIVERSITY OF PARMA,12.41,28169
9657,Jordan,ASIA,912,PRINCESS SUMAYA UNIVERSITY FOR TECHNOLOGY,12.35,2592
9658,India,ASIA,913,PONDICHERRY UNIVERSITY,12.29,6720
9659,Russia,EUROPE,914,NOVOSIBIRSK STATE TECHNICAL UNIVERSITY,12.25,11333
9660,Latvia,EUROPE,915,RIGA STRADINS UNIVERSITY,12.25,7709
9661,Costa Rica,NORTH AMERICA,916,TECNOLÃ“GICO DE COSTA RICA -TEC,12.22,9842
9662,Italy,EUROPE,917,UNIVERSITY OF BARI,12.21,31015
9663,Czech Republic,EUROPE,918,UNIVERSITY OF HRADEC KRALOVE,12.15,5030
9664,South Africa,AFRICA,919,UNIVERSITY OF KWAZULU-NATAL,12.15,30752
9665,Poland,EUROPE,920,LODZ UNIVERSITY OF TECHNOLOGY,12.11,11508
9666,Venezuela,SOUTH AMERICA,921,UNIVERSIDAD SIMÃ“N BOLÃVAR (USB),12.11,10000
9667,United States,NORTH AMERICA,922,UNIVERSITY OF WYOMING,12.09,10106
9668,Pakistan,ASIA,923,UNIVERSITY OF THE PUNJAB,12.09,26525
9669,Italy,EUROPE,924,VERONA UNIVERSITY,12.09,17504
9670,France,EUROPE,925,UNIVERSITÃ‰ DE LORRAINE,12.07,63802
9671,Egypt,AFRICA,926,AIN SHAMS UNIVERSITY,11.99,155929
9672,Malaysia,ASIA,927,UNIVERSITI KUALA LUMPUR (UNIKL),11.98,16309
9673,United Kingdom,EUROPE,928,EDINBURGH NAPIER UNIVERSITY,11.95,13635
9674,Czech Republic,EUROPE,929,CZECH UNIVERSITY OF LIFE SCIENCES IN PRAGUE,11.91,15889
9675,Poland,EUROPE,930,CRACOW UNIVERSITY OF TECHNOLOGY (POLITECHNIKA KRAKOWSKA),11.88,12894
9676,Kazakhstan,ASIA,931,ACADEMICIAN Y.A. BUKETOV KARAGANDA UNIVERSITY,11.87,13811
9677,Italy,EUROPE,932,UNIVERSITY OF MESSINA (UNIME),11.87,15135
9678,Italy,EUROPE,933,UNIVERSITÃ€ DEGLI STUDI ROMA TRE,11.82,33891
9679,Russia,EUROPE,934,MENDELEEV UNIVERSITY OF CHEMICAL TECHNOLOGY,11.81,7338
9680,Colombia,SOUTH AMERICA,935,UNIVERSIDAD EAFIT,11.75,11298
9681,Panama,NORTH AMERICA,936,UNIVERSIDAD TECNOLÃ“GICA DE PANAMÃ (UTP),11.72,20764
9682,United States,NORTH AMERICA,937,UNIVERSITY OF HARTFORD,11.71,5330
9683,South Korea,ASIA,938,YEUNGNAM UNIVERSITY,11.71,20884
9684,Italy,EUROPE,939,UNIVERSITY OF SALERNO,11.64,25397
9685,Vietnam,ASIA,940,"VIETNAM NATIONAL UNIVERSITY, HANOI",11.63,48483
9686,Italy,EUROPE,941,UNIVERSITY OF PALERMO,11.61,28571
9687,China,ASIA,942,BEIJING UNIVERSITY OF CHINESE MEDICINE,11.58,11644
9688,China,ASIA,943,WUHAN UNIVERSITY OF TECHNOLOGY,11.57,51497
9689,Colombia,SOUTH AMERICA,944,UNIVERSIDAD DEL VALLE,11.51,33442
9690,Italy,EUROPE,945,UNIVERSITÃ€ DEGLI STUDI DI UDINE,11.51,12417
9691,Slovakia,EUROPE,946,TECHNICAL UNIVERSITY OF KOSICE,11.49,9036
9692,Kuwait,ASIA,947,GULF UNIVERSITY FOR SCIENCE AND TECHNOLOGY,11.47,2415
9693,Russia,EUROPE,948,FINANCIAL UNIVERSITY UNDER THE GOVERNMENT OF THE RUSSIAN FEDERATION,11.46,22848
9694,United States,NORTH AMERICA,949,WEST VIRGINIA UNIVERSITY,11.45,23774
9695,United States,NORTH AMERICA,950,TEXAS TECH UNIVERSITY,11.43,35583
9696,Poland,EUROPE,951,UNIVERSITY OF GDANSK,11.37,18823
9697,Venezuela,SOUTH AMERICA,952,UNIVERSIDAD DE LOS ANDES - (ULA) MÃ‰RIDA,11.37,24372
9698,Mexico,NORTH AMERICA,953,UNIVERSIDAD AUTÃ“NOMA DEL ESTADO DE MÃ‰XICO (UAEMEX),11.35,69078
9699,Brazil,SOUTH AMERICA,954,UNIVERSIDADE FEDERAL DO PARANÃ - UFPR,11.35,32863
9700,United Kingdom,EUROPE,955,UNIVERSITY OF CENTRAL LANCASHIRE,11.34,22161
9701,China,ASIA,956,BEIJING FOREIGN STUDIES UNIVERSITY,11.33,10190
9702,United States,NORTH AMERICA,957,"UNIVERSITY OF MISSOURI, KANSAS CITY",11.33,9961
9703,Jordan,ASIA,958,GERMAN JORDANIAN UNIVERSITY,11.31,3601
9704,United States,NORTH AMERICA,959,SEATTLE UNIVERSITY,11.25,6098
9705,Lithuania,EUROPE,960,VYTAUTAS MAGNUS UNIVERSITY,11.25,7950
9706,Thailand,ASIA,961,KING MONGKUT'S UNIVERSITY OF TECHNOLOGY THONBURI,11.23,14062
9707,United Kingdom,EUROPE,962,UNIVERSITY OF SALFORD,11.19,20305
9708,Pakistan,ASIA,963,UNIVERSITY OF ENGINEERING & TECHNOLOGY (UET) LAHORE,11.17,13163
9709,India,ASIA,964,ANNA UNIVERSITY,11.14,13053
9710,Australia,OCEANIA,965,UNIVERSITY OF NEW ENGLAND AUSTRALIA,11.14,23192
9711,United Kingdom,EUROPE,966,UNIVERSITY OF LINCOLN,11.13,15060
9712,Malaysia,ASIA,967,UNIVERSITI TUNKU ABDUL RAHMAN (UTAR),11.12,17683
9713,Germany,EUROPE,968,BIELEFELD UNIVERSITY,11.09,25009
9714,Chile,SOUTH AMERICA,969,UNIVERSIDAD TÃ‰CNICA FEDERICO SANTA MARÃA (USM),11.09,17724
9715,Portugal,EUROPE,970,UNIVERSIDADE CATÃ“LICA PORTUGUESA - UCP,11.09,11855
9716,Australia,OCEANIA,971,CHARLES STURT UNIVERSITY,11.07,9245
9717,Kazakhstan,ASIA,972,KAZAKH ABLAI KHAN UNIVERSITY OF INTERNATIONAL RELATIONS AND WORLD LANGUAGES,11.05,6166
9718,Russia,EUROPE,973,KAZAN NATIONAL RESEARCH TECHNOLOGICAL UNIVERSITY,11.04,12818
9719,Thailand,ASIA,974,KHON KAEN UNIVERSITY,10.97,31540
9720,United States,NORTH AMERICA,975,THE UNIVERSITY OF ALABAMA,10.97,33264
9721,Brazil,SOUTH AMERICA,976,UNIVERSIDADE FEDERAL DE PERNAMBUCO (UFPE),10.97,32810
9722,United States,NORTH AMERICA,977,UNIVERSITY OF WISCONSIN MILWAUKEE,10.97,20522
9723,Chile,SOUTH AMERICA,978,UNIVERSIDAD DE LOS ANDES - CHILE,10.91,9946
9724,Japan,ASIA,979,KYOTO INSTITUTE OF TECHNOLOGY,10.89,3958
9725,Spain,EUROPE,980,UNIVERSIDADE DA CORUÃ‘A,10.87,14810
9726,Poland,EUROPE,981,SILESIAN UNIVERSITY OF TECHNOLOGY,10.85,18266
9727,China,ASIA,982,BEIJING UNIVERSITY OF POSTS AND TELECOMMUNICATIONS,10.83,0
9728,United States,NORTH AMERICA,983,GEORGE MASON UNIVERSITY,10.83,29947
9729,Turkey,ASIA,984,HACETTEPE UNIVERSITY,10.83,48538
9730,India,ASIA,985,SIKSHA 'O' ANUSANDHAN (DEEMED TO BE UNIVERSITY),10.82,12272
9731,United States,NORTH AMERICA,986,AUBURN UNIVERSITY,10.81,28021
9732,Japan,ASIA,987,INTERNATIONAL CHRISTIAN UNIVERSITY,10.81,3105
9733,United States,NORTH AMERICA,988,FORDHAM UNIVERSITY,10.8,13910
9734,United States,NORTH AMERICA,989,UNIVERSITY OF TEXAS AT SAN ANTONIO,10.75,28058
9735,France,EUROPE,990,UNIVERSITÃ‰ DE NANTES,10.75,37620
9736,Japan,ASIA,991,KYUSHU INSTITUTE OF TECHNOLOGY,10.73,5628
9737,United States,NORTH AMERICA,992,BINGHAMTON UNIVERSITY SUNY,10.69,16733
9738,China,ASIA,993,XI'AN JIAOTONG LIVERPOOL UNIVERSITY,10.68,16152
9739,Poland,EUROPE,994,POZNAÅƒ UNIVERSITY OF TECHNOLOGY,10.67,13328
9740,Italy,EUROPE,995,UNIVERSITY OF NAPLES PARTHENOPE,10.63,8370
9741,Turkey,ASIA,996,ANKARA ÃœNIVERSITESI,10.61,64199
9742,France,EUROPE,997,UNIVERSITÃ‰ TOULOUSE 1 CAPITOLE,10.59,21130
9743,Hungary,EUROPE,998,CORVINUS UNIVERSITY OF BUDAPEST,10.55,11029
9744,United Kingdom,EUROPE,999,ROBERT GORDON UNIVERSITY,10.55,11039
9745,Romania,EUROPE,1000,BABES-BOLYAI UNIVERSITY,10.55,41961
9746,Indonesia,ASIA,1001,DIPONEGORO UNIVERSITY,10.53,35688
9747,Egypt,AFRICA,1002,ALEXANDRIA UNIVERSITY,10.46,192593
9748,Taiwan,ASIA,1003,CHANG JUNG CHRISTIAN UNIVERSITY,10.45,7623
9749,United States,NORTH AMERICA,1004,KENT STATE UNIVERSITY,10.45,22027
9750,United States,NORTH AMERICA,1005,UTAH STATE UNIVERSITY,10.41,20106
9751,Argentina,SOUTH AMERICA,1006,UNIVERSIDAD NACIONAL DE CUYO,10.4,35241
9752,Czech Republic,EUROPE,1007,UNIVERSITY OF PARDUBICE,10.4,6048
9753,Estonia,EUROPE,1008,TALLINN UNIVERSITY,10.38,6345
9754,Argentina,SOUTH AMERICA,1009,UNIVERSIDAD NACIONAL DE RÃO CUARTO - UNRC,10.37,17268
9755,India,ASIA,1010,ALIGARH MUSLIM UNIVERSITY,10.36,18149
9756,Pakistan,ASIA,1011,COMSATS UNIVERSITY ISLAMABAD,10.36,33643
9757,Costa Rica,NORTH AMERICA,1012,UNIVERSIDAD NACIONAL COSTA RICA,10.36,15585
9758,Malaysia,ASIA,1013,MULTIMEDIA UNIVERSITY (MMU),10.34,8043
9759,Iraq,ASIA,1014,UNIVERSITY OF KUFA,10.32,24992
9760,United States,NORTH AMERICA,1015,ROCHESTER INSTITUTE OF TECHNOLOGY (RIT),10.31,13728
9761,Romania,EUROPE,1016,UNIVERSITY OF BUCHAREST,10.3,32650
9762,United States,NORTH AMERICA,1017,UNIVERSITY OF THE PACIFIC,10.26,5720
9763,Malaysia,ASIA,1018,UNIVERSITI MALAYSIA SARAWAK (UNIMAS),10.22,13915
9764,Chile,SOUTH AMERICA,1019,UNIVERSIDAD AUSTRAL DE CHILE,10.2,17419
9765,United States,NORTH AMERICA,1020,OHIO UNIVERSITY,10.19,22818
9766,Russia,EUROPE,1021,"THE NATIONAL RESEARCH UNIVERSITY ""BELGOROD STATE UNIVERSITY""",10.19,11615
9767,Indonesia,ASIA,1022,BINA NUSANTARA UNIVERSITY (BINUS),10.16,13787
9768,Bangladesh,ASIA,1023,BRAC UNIVERSITY,10.15,13488
9769,Russia,EUROPE,1024,VORONEZH STATE UNIVERSITY,10.07,15692
9770,Russia,EUROPE,1025,THE HERZEN STATE PEDAGOGICAL UNIVERSITY OF RUSSIA,10.06,15646
9771,United Kingdom,EUROPE,1026,BIRMINGHAM CITY UNIVERSITY,10.04,25092
9772,Serbia,EUROPE,1027,UNIVERSITY OF BELGRADE,10.03,97225
9773,Poland,EUROPE,1028,WARSAW UNIVERSITY OF LIFE SCIENCES â€“ SGGW (WULS-SGGW),10.01,16339
9774,Ukraine,EUROPE,1029,NATIONAL UNIVERSITY OF KYIV-MOHYLA ACADEMY (NAUKMA),10,4878
9775,India,ASIA,1030,BANARAS HINDU UNIVERSITY,9.94,23006
9776,India,ASIA,1031,THAPAR INSTITUTE OF ENGINEERING & TECHNOLOGY,9.94,9876
9777,Latvia,EUROPE,1032,UNIVERSITY OF LATVIA,9.94,12553
9778,Japan,ASIA,1033,SAITAMA UNIVERSITY,9.91,8321
9779,United Kingdom,EUROPE,1034,THE UNIVERSITY OF NORTHAMPTON,9.9,11103
9780,Ecuador,SOUTH AMERICA,1035,PONTIFICIA UNIVERSIDAD CATÃ“LICA DEL ECUADOR (PUCE),9.89,25209
9781,Greece,EUROPE,1036,ATHENS UNIVERSITY OF ECONOMICS AND BUSINESS,9.88,10462
9782,India,ASIA,1037,AMRITA VISHWA VIDYAPEETHAM,9.84,19224
9783,United States,NORTH AMERICA,1038,UNIVERSITY OF SAN DIEGO,9.82,7602
9784,United States,NORTH AMERICA,1039,MISSISSIPPI STATE UNIVERSITY,9.8,20333
9785,"Iran, Islamic Republic Of",ASIA,1040,SHAHID BEHESHTI UNIVERSITY (SBU),9.79,19196
9786,Colombia,SOUTH AMERICA,1041,UNIVERSIDAD DEL NORTE,9.78,12844
9787,Russia,EUROPE,1042,SAINT-PETERSBURG MINING UNIVERSITY,9.75,8438
9788,Spain,EUROPE,1043,UNIVERSIDAD DE CASTILLA-LA MANCHA,9.75,25071
9789,India,ASIA,1044,"BIRLA INSTITUTE OF TECHNOLOGY AND SCIENCE, PILANI",9.74,15311
9790,Japan,ASIA,1045,TOKAI UNIVERSITY,9.7,28535
9791,Poland,EUROPE,1046,UNIVERSITY OF BIALYSTOK,9.6,8743
9792,United States,NORTH AMERICA,1047,UNIVERSITY OF MONTANA MISSOULA,9.57,7787
9793,Ecuador,SOUTH AMERICA,1048,ESCUELA POLITÃ‰CNICA NACIONAL,9.56,7461
9794,South Korea,ASIA,1049,CHUNGBUK NATIONAL UNIVERSITY,9.55,14636
9795,Kuwait,ASIA,1050,KUWAIT UNIVERSITY,9.53,27603
9796,Malaysia,ASIA,1051,UNIVERSITI MALAYSIA SABAH (UMS),9.52,16826
9797,United States,NORTH AMERICA,1052,UNIVERSITY OF NORTH TEXAS,9.52,33651
9798,United Kingdom,EUROPE,1053,SHEFFIELD HALLAM UNIVERSITY,9.51,27009
9799,Brazil,SOUTH AMERICA,1054,UNIVERSIDADE FEDERAL DE JUIZ DE FORA- (UFJF),9.5,16460
9800,Indonesia,ASIA,1055,UNIVERSITAS BRAWIJAYA,9.47,48546
9801,Philippines,ASIA,1056,UNIVERSITY OF SANTO TOMAS,9.45,26511
9802,France,EUROPE,1057,UNIVERSITÃ‰ LUMIÃˆRE LYON 2,9.41,25365
9803,Mexico,NORTH AMERICA,1058,UNIVERSIDAD AUTÃ“NOMA DE NUEVO LEÃ“N,9.4,132813
9804,South Korea,ASIA,1059,KOOKMIN UNIVERSITY,9.36,16949
9805,Spain,EUROPE,1060,UNIVERSIDADE DE VIGO,9.36,20177
9806,Hungary,EUROPE,1061,UNIVERSITY OF MISKOLC,9.36,7853
9807,South Africa,AFRICA,1062,UNIVERSITY OF THE WESTERN CAPE,9.35,18040
9808,Bangladesh,ASIA,1063,NORTH SOUTH UNIVERSITY,9.33,12692
9809,India,ASIA,1064,UNIVERSITY OF MUMBAI,9.32,7524
9810,United States,NORTH AMERICA,1065,BAYLOR UNIVERSITY,9.24,18068
9811,Ecuador,SOUTH AMERICA,1066,ESCUELA SUPERIOR POLITÃ‰CNICA DEL LITORAL (ESPOL),9.22,10093
9812,China,ASIA,1067,SHANGHAI INTERNATIONAL STUDIES UNIVERSITY,9.22,12627
9813,Czech Republic,EUROPE,1068,TOMAS BATA UNIVERSITY IN ZLIN,9.14,8932
9814,Australia,OCEANIA,1069,UNIVERSITY OF THE SUNSHINE COAST,9.14,17468
9815,United Kingdom,EUROPE,1070,UNIVERSITY OF WOLVERHAMPTON,9.13,15385
9816,India,ASIA,1071,VELLORE INSTITUTE OF TECHNOLOGY (VIT),9.08,39068
9817,United States,NORTH AMERICA,1072,UNIVERSITY OF SAN FRANCISCO,9.06,8298
9818,Croatia,EUROPE,1073,THE JOSIP JURAJ STROSSMAYER UNIVERSITY OF OSIJEK,8.99,30000
9819,Brazil,SOUTH AMERICA,1074,UNIVERSIDADE FEDERAL DE PELOTAS,8.98,14960
9820,Croatia,EUROPE,1075,UNIVERSITY OF RIJEKA,8.97,13051
9821,Pakistan,ASIA,1076,"UNIVERSITY OF AGRICULTURE, FAISALABAD",8.92,29910
9822,Italy,EUROPE,1077,UNIVERSITY OF CALABRIA,8.92,23654
9823,Czech Republic,EUROPE,1078,UNIVERSITY OF OSTRAVA,8.92,6935
9824,Colombia,SOUTH AMERICA,1079,UNIVERSIDAD INDUSTRIAL DE SANTANDER - UIS,8.9,20546
9825,Mexico,NORTH AMERICA,1080,UNIVERSIDAD DE MONTERREY (UDEM),8.9,9076
9826,United States,NORTH AMERICA,1081,MARQUETTE UNIVERSITY,8.89,10301
9827,Peru,SOUTH AMERICA,1082,UNIVERSIDAD DE LIMA,8.88,15081
9828,Canada,NORTH AMERICA,1083,BROCK UNIVERSITY,8.82,17668
9829,Brazil,SOUTH AMERICA,1084,UNIVERSIDADE DO ESTADO DO RIO DE JANEIRO (UERJ),8.68,34477
9830,Mexico,NORTH AMERICA,1085,BENEMÃ‰RITA UNIVERSIDAD AUTÃ“NOMA DE PUEBLA,8.64,94692
9831,United States,NORTH AMERICA,1086,BRIGHAM YOUNG UNIVERSITY,8.64,34737
9832,Vietnam,ASIA,1087,TON DUC THANG UNIVERSITY,8.63,27878
9833,Peru,SOUTH AMERICA,1088,UNIVERSIDAD DEL PACÃFICO,8.61,4777
9834,Saudi Arabia,ASIA,1089,TAIBAH UNIVERSITY,8.6,56178
9835,United Kingdom,EUROPE,1090,HARPER ADAMS UNIVERSITY,8.57,3076
9836,Ukraine,EUROPE,1091,IVAN FRANKO NATIONAL UNIVERSITY OF LVIV,8.55,18357
9837,United Kingdom,EUROPE,1092,GLASGOW CALEDONIAN UNIVERSITY,8.54,15487
9838,France,EUROPE,1093,PAUL VALÃ‰RY UNIVERSITY MONTPELLIER,8.52,19840
9839,Japan,ASIA,1094,NAGOYA INSTITUTE OF TECHNOLOGY (NIT),8.48,5711
9840,Azerbaijan,ASIA,1095,BAKU STATE UNIVERSITY,8.45,24756
9841,Egypt,AFRICA,1096,ASSIUT UNIVERSITY,8.44,60399
9842,United Kingdom,EUROPE,1097,UNIVERSITY OF DERBY,8.44,16188
9843,France,EUROPE,1098,UNIVERSITÃ‰ DE POITIERS,8.44,26929
9844,Malaysia,ASIA,1099,UNIVERSITI MALAYSIA TERENGGANU (UMT),8.42,9678
9845,Peru,SOUTH AMERICA,1100,UNIVERSIDAD NACIONAL AGRARIA LA MOLINA,8.39,7860
9846,Chile,SOUTH AMERICA,1101,UNIVERSIDAD DE TALCA,8.35,11045
9847,Taiwan,ASIA,1102,NATIONAL TAIWAN OCEAN UNIVERSITY,8.34,8163
9848,Italy,EUROPE,1103,UNIVERSITÃ€ DEGLI STUDI DELLA TUSCIA (UNIVERSITY OF TUSCIA),8.3,6434
9849,Kenya,AFRICA,1104,UNIVERSITY OF NAIROBI,8.26,62565
9850,Iraq,ASIA,1105,MUSTANSIRIYAH UNIVERSITY,8.24,33105
9851,Russia,EUROPE,1106,"SIBERIAN FEDERAL UNIVERSITY, SIBFU",8.22,9773
9852,India,ASIA,1107,AMITY UNIVERSITY,8.2,30129
9853,South Korea,ASIA,1108,KANGWON NATIONAL UNIVERSITY,8.18,21527
9854,United States,NORTH AMERICA,1109,THE UNIVERSITY OF TEXAS AT ARLINGTON,8.18,31675
9855,United States,NORTH AMERICA,1110,SAN DIEGO STATE UNIVERSITY,8.16,32810
9856,South Korea,ASIA,1111,SOOKMYUNG WOMEN'S UNIVERSITY,8.13,10645
9857,Russia,EUROPE,1112,IRKUTSK STATE UNIVERSITY,8.1,12281
9858,Pakistan,ASIA,1113,THE UNIVERSITY OF LAHORE,8.1,30112
9859,United States,NORTH AMERICA,1114,WESTERN MICHIGAN UNIVERSITY,8.09,13314
9860,Indonesia,ASIA,1115,TELKOM UNIVERSITY,8.07,19656
9861,Sri Lanka,ASIA,1116,UNIVERSITY OF PERADENIYA,8.04,19991
9862,Belarus,EUROPE,1117,BELARUSIAN STATE UNIVERSITY OF INFORMATICS AND RADIOELECTRONICS,8,10997
9863,United States,NORTH AMERICA,1118,UNIVERSITY OF ARKANSAS FAYETTEVILLE,7.99,25207
9864,United States,NORTH AMERICA,1119,UNIVERSITY OF RHODE ISLAND,7.97,15932
9865,United Kingdom,EUROPE,1120,CANTERBURY CHRIST CHURCH UNIVERSITY,7.94,12489
9866,United States,NORTH AMERICA,1121,UNIVERSITY OF TEXAS EL PASO,7.9,19044
9867,Chile,SOUTH AMERICA,1122,UNIVERSIDAD DE VALPARAÃSO (UV),7.89,16627
9868,Paraguay,SOUTH AMERICA,1123,UNIVERSIDAD NACIONAL DE LA ASUNCIÃ“N,7.82,50060
9869,United States,NORTH AMERICA,1124,UNIVERSITY OF NORTH CAROLINA AT CHARLOTTE,7.75,26589
9870,Turkey,ASIA,1125,ISTANBUL AYDIN UNIVERSITY,7.69,16411
9871,Peru,SOUTH AMERICA,1126,UNIVERSIDAD PERUANA DE CIENCIAS APLICADAS,7.69,54137
9872,Colombia,SOUTH AMERICA,1127,UNIVERSIDAD DE CÃ“RDOBA - COLOMBIA,7.68,15717
9873,India,ASIA,1128,"INDIAN INSTITUTE OF INFORMATION TECHNOLOGY, ALLAHABAD",7.63,545
9874,Turkey,ASIA,1129,EGE UNIVERSITY,7.57,53217
9875,South Korea,ASIA,1130,JEJU NATIONAL UNIVERSITY,7.57,10070
9876,United States,NORTH AMERICA,1131,MIAMI UNIVERSITY,7.57,17587
9877,United States,NORTH AMERICA,1132,UNIVERSITY OF SOUTH ALABAMA (USA),7.57,12516
9878,France,EUROPE,1133,UNIVERSITÃ‰ DE TOULOUSE II-LE MIRAIL,7.55,30000
9879,Kazakhstan,ASIA,1134,SAKEN SEIFULLIN KAZAKH AGROTECHNICAL UNIVERSITY,7.54,8405
9880,Chile,SOUTH AMERICA,1135,UNIVERSIDAD DEL DESARROLLO (UDD),7.53,16147
9881,South Africa,AFRICA,1136,NORTH-WEST UNIVERSITY,7.51,35753
9882,Brazil,SOUTH AMERICA,1137,UNIVERSIDADE FEDERAL FLUMINENSE,7.51,58558
9883,Taiwan,ASIA,1138,YUAN ZE UNIVERSITY,7.51,7468
9884,Poland,EUROPE,1139,TECHNICAL UNIVERSITY OF LUBLIN,7.49,7611
9885,Puerto Rico,NORTH AMERICA,1140,UNIVERSIDAD DE PUERTO RICO,7.47,47257
9886,United Kingdom,EUROPE,1141,LEEDS BECKETT UNIVERSITY,7.45,20517
9887,South Korea,ASIA,1142,SEOUL NATIONAL UNIVERSITY OF SCIENCE AND TECHNOLOGY,7.37,8998
9888,Indonesia,ASIA,1143,UNIVERSITAS HASANUDDIN,7.34,31549
9889,United States,NORTH AMERICA,1144,NORTHERN ARIZONA UNIVERSITY,7.33,24986
9890,Taiwan,ASIA,1145,FU JEN CATHOLIC UNIVERSITY,7.3,18434
9891,United States,NORTH AMERICA,1146,PORTLAND STATE UNIVERSITY,7.29,17186
9892,Japan,ASIA,1147,RIKKYO UNIVERSITY,7.28,21040
9893,Japan,ASIA,1148,DOSHISHA UNIVERSITY,7.27,28449
9894,Brazil,SOUTH AMERICA,1149,UNIVERSIDADE FEDERAL DE VIÃ‡OSA (UFV),7.26,17595
9895,Egypt,AFRICA,1150,SUEZ CANAL UNIVERSITY,7.24,43673
9896,Brazil,SOUTH AMERICA,1151,UNIVERSIDADE FEDERAL DO CEARÃ (UFC),7.21,40364
9897,Azerbaijan,ASIA,1152,AZERBAIJAN STATE UNIVERSITY OF ECONOMICS,7.19,17328
9898,Turkey,ASIA,1153,GAZI ÃœNIVERSITESI,7.19,40615
9899,Chile,SOUTH AMERICA,1154,UNIVERSIDAD ANDRÃ‰S BELLO,7.19,42819
9900,Germany,EUROPE,1155,UNIVERSITÃ„T SIEGEN,7.15,18095
9901,Argentina,SOUTH AMERICA,1156,CATÃ“LICA DE CÃ“RDOBA,7.14,10751
9902,Italy,EUROPE,1157,"UNIVERSITA' DEGLI STUDI ""G. D'ANNUNZIO"" CHIETI PESCARA",7.13,17606
9903,Sri Lanka,ASIA,1158,UNIVERSITY OF COLOMBO,7.13,20300
9904,"Palestinian Territory, Occupied",ASIA,1159,AN-NAJAH NATIONAL UNIVERSITY,7.07,18909
9905,Chile,SOUTH AMERICA,1160,UNIVERSIDAD DE LA FRONTERA (UFRO),7.07,11136
9906,Uganda,AFRICA,1161,MAKERERE UNIVERSITY,7.05,34651
9907,Argentina,SOUTH AMERICA,1162,UNIVERSIDAD NACIONAL DE SAN MARTÃN (UNSAM),7.05,22660
9908,Taiwan,ASIA,1163,FENG CHIA UNIVERSITY,7.03,18874
9909,Egypt,AFRICA,1164,AL-AZHAR UNIVERSITY,7.01,299054
9910,Venezuela,SOUTH AMERICA,1165,UNIVERSIDAD METROPOLITANA,7.01,5417
9911,Poland,EUROPE,1166,UNIVERSITY OF SILESIA IN KATOWICE,6.99,20815
9912,India,ASIA,1167,JAMIA HAMDARD,6.95,9483
9913,Cuba,NORTH AMERICA,1168,"UNIVERSIDAD TECNOLÃ“GICA DE LA HABANA JOSÃ‰ ANTONIO ECHEVERRÃA, CUJAE",6.95,10034
9914,"Palestinian Territory, Occupied",ASIA,1169,AL QUDS UNIVERSITY THE ARAB UNIVERSITY IN JERUSALEM,6.89,10839
9915,United States,NORTH AMERICA,1170,FLORIDA ATLANTIC UNIVERSITY - BOCA RATON,6.89,22202
9916,Czech Republic,EUROPE,1171,VSB - TECHNICAL UNIVERSITY OF OSTRAVA,6.87,11126
9917,Argentina,SOUTH AMERICA,1172,UNIVERSIDAD NACIONAL DE MAR DEL PLATA,6.85,20962
9918,Saudi Arabia,ASIA,1173,IMAM MOHAMMAD IBN SAUD ISLAMIC UNIVERSITY â€“ IMSIU,6.84,46850
9919,China,ASIA,1174,CHINA UNIVERSITY OF POLITICAL SCIENCE AND LAW,6.83,17222
9920,Ecuador,SOUTH AMERICA,1175,UNIVERSIDAD CENTRAL DEL ECUADOR,6.83,28790
9921,Thailand,ASIA,1176,KING MONGKUT'S INSTITUTE OF TECHNOLOGY LADKRABANG,6.81,24243
9922,Russia,EUROPE,1177,RUSSIAN STATE UNIVERSITY FOR THE HUMANITIES,6.8,9214
9923,France,EUROPE,1178,UNIVERSITÃ‰ PARIS-NANTERRE,6.79,33404
9924,Brazil,SOUTH AMERICA,1179,PONTIFÃCIA UNIVERSIDADE CATÃ“LICA DO RIO GRANDE DO SUL (PUCRS),6.78,14096
9925,Slovakia,EUROPE,1180,SLOVAK UNIVERSITY OF AGRICULTURE IN NITRA,6.78,5610
9926,Romania,EUROPE,1181,UNIVERSITATEA DE VEST DIN TIMISOARA /  WEST UNIVERSITY OF TIMISOARA,6.76,14527
9927,Taiwan,ASIA,1182,CHUNG YUAN CHRISTIAN UNIVERSITY,6.75,15782
9928,Turkey,ASIA,1183,ANADOLU UNIVERSITY,6.74,20993
9929,South Korea,ASIA,1184,PUKYONG NATIONAL UNIVERSITY,6.69,15941
9930,Pakistan,ASIA,1185,UNIVERSITY OF KARACHI,6.67,44969
9931,Spain,EUROPE,1186,UNIVERSIDAD REY JUAN CARLOS,6.63,41355
9932,India,ASIA,1187,OSMANIA UNIVERSITY,6.62,9430
9933,Brazil,SOUTH AMERICA,1188,UNIVERSIDADE FEDERAL DA BAHIA,6.58,42633
9934,Serbia,EUROPE,1189,UNIVERSITY OF NOVI SAD,6.58,43871
9935,Japan,ASIA,1190,MEIJI UNIVERSITY,6.55,32810
9936,Taiwan,ASIA,1191,NATIONAL DONG HWA UNIVERSITY,6.53,9734
9937,France,EUROPE,1192,UNIVERSITÃ‰ JEAN MOULIN LYON 3,6.53,26251
9938,Serbia,EUROPE,1193,UNIVERSITY OF NIÅ ,6.49,20634
9939,Jordan,ASIA,1194,MUTAH UNIVERSITY,6.47,9361
9940,India,ASIA,1195,PANJAB UNIVERSITY,6.47,17691
9941,Ghana,AFRICA,1196,UNIVERSITY OF GHANA,6.47,44347
9942,Turkey,ASIA,1197,ISTANBUL BILGI ÃœNIVERSITESI,6.43,10420
9943,Turkey,ASIA,1198,IZMIR INSTITUTE OF TECHNOLOGY (IZTECH),6.43,6343
9944,Egypt,AFRICA,1199,BRITISH UNIVERSITY IN EGYPT,6.4,10539
9945,China,ASIA,1200,UNIVERSITY OF INTERNATIONAL BUSINESS AND ECONOMICS,6.4,15708
9946,South Korea,ASIA,1201,YOUNGSAN UNIVERSITY,6.39,6145
9947,Czech Republic,EUROPE,1202,UNIVERSITY OF WEST BOHEMIA,6.36,10297
9948,Argentina,SOUTH AMERICA,1203,UNIVERSIDAD DEL SALVADOR,6.34,13858
9949,Egypt,AFRICA,1204,MANSOURA UNIVERSITY,6.33,190213
9950,Indonesia,ASIA,1205,UNIVERSITAS SEBELAS MARET,6.31,29835
9951,Tunisia,AFRICA,1206,UNIVERSITÃ‰ DE TUNIS,6.29,19702
9952,Mexico,NORTH AMERICA,1207,UNIVERSIDAD DE GUANAJUATO,6.25,30300
9953,Argentina,SOUTH AMERICA,1208,UNIVERSIDAD NACIONAL DEL LITORAL,6.22,42081
9954,Jordan,ASIA,1209,YARMOUK UNIVERSITY,6.2,33515
9955,Russia,EUROPE,1210,NATIONAL RESEARCH UNIVERSITY MOSCOW POWER ENGINEERING INSTITUTE (MPEI),6.18,10992
9956,Taiwan,ASIA,1211,NATIONAL TAIPEI UNIVERSITY,6.16,7940
9957,Tunisia,AFRICA,1212,UNIVERSITÃ‰ DE TUNIS EL MANAR,6.15,25409
9958,Sudan,AFRICA,1213,UNIVERSITY OF KHARTOUM,6.13,15816
9959,Turkey,ASIA,1214,YILDIZ TECHNICAL UNIVERSITY,6.12,25532
9960,Romania,EUROPE,1215,ALEXANDRU IOAN CUZA UNIVERSITY,6.1,23448
9961,Brazil,SOUTH AMERICA,1216,UNIVERSIDADE ESTADUAL DE LONDRINA,6.09,19940
9962,Iraq,ASIA,1217,UNIVERSITY OF BABYLON,6.09,31272
9963,France,EUROPE,1218,UNIVERSITÃ‰ DE CAEN NORMANDIE,6.05,29133
9964,Serbia,EUROPE,1219,UNIVERSITY OF KRAGUJEVAC,6.03,15717
9965,China,ASIA,1220,SOUTHWEST UNIVERSITY,5.98,0
9966,Indonesia,ASIA,1221,UNIVERSITAS SUMATERA UTARA,5.93,35059
9967,Romania,EUROPE,1222,STEFAN CEL MARE UNIVERSITY OF SUCEAVA,5.89,7546
9968,Kazakhstan,ASIA,1223,S. TORAIGHYROV PAVLODAR STATE UNIVERSITY,5.83,7716
9969,Brazil,SOUTH AMERICA,1224,UNIVERSIDADE FEDERAL DE SANTA MARIA,5.83,27256
9970,South Korea,ASIA,1225,HONGIK UNIVERSITY,5.79,19770
9971,Vietnam,ASIA,1226,HANOI UNIVERSITY OF SCIENCE AND TECHNOLOGY,5.78,38635
9972,Egypt,AFRICA,1227,GERMAN UNIVERSITY IN CAIRO,5.76,12947
9973,Panama,NORTH AMERICA,1228,UNIVERSIDAD DE PANAMÃ - UP,5.74,76995
9974,Japan,ASIA,1229,AOYAMA GAKUIN UNIVERSITY,5.73,19692
9975,Russia,EUROPE,1230,MOSCOW PEDAGOGICAL STATE UNIVERSITY,5.72,16199
9976,Taiwan,ASIA,1231,TUNGHAI UNIVERSITY,5.72,15201
9977,Romania,EUROPE,1232,UNIVERSITY POLITEHNICA OF BUCHAREST,5.72,29970
9978,Japan,ASIA,1233,KINDAI UNIVERSITY (KINKI UNIVERSITY),5.7,34393
9979,China,ASIA,1234,SHANGHAI UNIVERSITY OF FINANCE AND ECONOMICS,5.66,17634
9980,Chile,SOUTH AMERICA,1235,UNIVERSIDAD CATÃ“LICA DEL NORTE,5.6,11601
9981,United States,NORTH AMERICA,1236,INDIANA STATE UNIVERSITY,5.59,9133
9982,India,ASIA,1237,SRM INSTITUTE OF SCIENCE AND TECHNOLOGY,5.51,50872
9983,Brazil,SOUTH AMERICA,1238,UNIVERSIDADE FEDERAL DA PARAÃBA,5.45,41204
9984,Ecuador,SOUTH AMERICA,1239,UNIVERSIDAD DE LAS FUERZAS ARMADAS ESPE (EX - ESCUELA POLITÃ‰CNICA DEL EJÃ‰RCITO),5.38,20945
9985,Colombia,SOUTH AMERICA,1240,UNIVERSIDAD DE MEDELLÃN,5.34,8987
9986,Russia,EUROPE,1241,DON STATE TECHNICAL UNIVERSITY,5.26,26390
9987,Mexico,NORTH AMERICA,1242,UNIVERSIDAD AUTÃ“NOMA DE BAJA CALIFORNIA,5.26,67944
9988,Russia,EUROPE,1243,RUSSIAN STATE AGRARIAN UNIVERSITY - MOSCOW TIMIRYAZEV AGRICULTURAL ACADEMY,5.23,11721
9989,Chile,SOUTH AMERICA,1244,UNIVERSIDAD DEL BÃO-BÃO,5.2,12608
9990,Argentina,SOUTH AMERICA,1245,UNIVERSIDAD NACIONAL DEL SUR,5.19,18604
9991,Iraq,ASIA,1246,UNIVERSITY OF BASRAH,5.14,36929
9992,Romania,EUROPE,1247,"THE ""GHEORGHE ASACHI"" TECHNICAL UNIVERSITY OF IASI",5.13,12647
9993,Pakistan,ASIA,1248,BAHAUDDIN ZAKARIYA UNIVERSITY,5.11,30862
9994,Taiwan,ASIA,1249,TAMKANG UNIVERSITY,5.08,21167
9995,Jordan,ASIA,1250,THE HASHEMITE UNIVERSITY,5.06,17979
9996,Romania,EUROPE,1251,TECHNICAL UNIVERSITY OF CLUJ-NAPOCA,5.02,19199
9997,Thailand,ASIA,1252,SURANAREE UNIVERSITY OF TECHNOLOGY,4.97,14614
9998,"Palestinian Territory, Occupied",ASIA,1253,BIRZEIT UNIVERSITY,4.95,11900
9999,Mexico,NORTH AMERICA,1254,UNIVERSIDAD AUTÃ“NOMA DE SAN LUIS DE POTOSÃ,4.9,31649
10000,Mexico,NORTH AMERICA,1255,UNIVERSIDAD AUTÃ“NOMA DE QUERÃ‰TARO (UAQ),4.84,25399
10001,Colombia,SOUTH AMERICA,1256,UNIVERSIDAD DE LA SALLE,4.68,9869
10002,Romania,EUROPE,1257,"UNIVERSITY POLITEHNICA OF TIMISOARA, UPT",4.68,12647
10003,Italy,EUROPE,1258,UNIVERSITÃ€ DEGLI STUDI DI BERGAMO,4.68,21969
10004,Japan,ASIA,1259,SHIBAURA INSTITUTE OF TECHNOLOGY,4.59,9399
10005,Egypt,AFRICA,1260,HELWAN UNIVERSITY,4.54,127649
10006,Chile,SOUTH AMERICA,1261,UNIVERSIDAD AUTÃ“NOMA DE CHILE,4.54,30187
10007,Australia,OCEANIA,1262,"THE UNIVERSITY OF NOTRE DAME, AUSTRALIA",4.49,11710
10008,Russia,EUROPE,1263,MIREA - RUSSIAN TECHNOLOGICAL UNIVERSITY,4.46,27397
10009,Argentina,SOUTH AMERICA,1264,UNIVERSIDAD NACIONAL DE TUCUMÃ€Â¡N,4.38,53259
10010,Turkey,ASIA,1265,MARMARA UNIVERSITY,4.36,70356
10011,Mexico,NORTH AMERICA,1266,UNIVERSIDAD AUTÃ“NOMA DEL ESTADO DE MORELOS (UAEM),4.34,30856
10012,Taiwan,ASIA,1267,SOOCHOW UNIVERSITY (TAIWAN),4.3,15458
10013,Peru,SOUTH AMERICA,1268,UNIVERSIDAD SAN IGNACIO DE LOYOLA,4.28,21205
10014,Argentina,SOUTH AMERICA,1269,UNIVERSIDAD NACIONAL DE QUILMES,4.26,22253
10015,Brazil,SOUTH AMERICA,1270,UNIVERSIDADE FEDERAL DE GOIÃS,4.2,35015
10016,Mexico,NORTH AMERICA,1271,UNIVERSIDAD AUTONOMA DE YUCATAN,4.14,16293
10017,Colombia,SOUTH AMERICA,1272,UNIVERSIDAD CATÃ“LICA DE COLOMBIA,4.14,10129
10018,Romania,EUROPE,1273,TRANSILVANIA UNIVERSITY OF BRASOV,4.13,17844
10019,Chile,SOUTH AMERICA,1274,UNIVERSIDAD BERNARDO O'HIGGINS,3.99,7763
10020,Chile,SOUTH AMERICA,1275,UNIVERSIDAD DE LA SERENA,3.98,8170
10021,Colombia,SOUTH AMERICA,1276,UNIVERSIDAD TECNOLÃ“GICA DE PEREIRA,3.92,17872
10022,Indonesia,ASIA,1277,UNIVERSITAS ANDALAS,3.9,29707
10023,Croatia,EUROPE,1278,UNIVERSITY OF SPLIT,3.88,16127
10024,Romania,EUROPE,1279,LUCIAN BLAGA UNIVERSITY OF SIBIU,3.75,13369
10025,Jordan,ASIA,1280,AL-BALQA APPLIED UNIVERSITY,3.72,28178
10026,Bosnia And Herzegovina,EUROPE,1281,UNIVERSITY OF SARAJEVO,3.7,30187
10027,Turkey,ASIA,1282,DOKUZ EYLÃœL ÃœNIVERSITESI,3.69,52655
10028,Egypt,AFRICA,1283,TANTA UNIVERSITY,3.64,137647
10029,Bolivia,SOUTH AMERICA,1284,UNIVERSIDAD MAYOR DE SAN ANDRÃ‰S (UMSA),3.64,80308
10030,Turkey,ASIA,1285,AKDENIZ ÃœNIVERSITESI,3.6,41093
10031,Brazil,SOUTH AMERICA,1286,PONTIFÃCIA UNIVERSIDADE CATÃ“LICA DO PARANÃ,3.6,10370
10032,Bolivia,SOUTH AMERICA,1287,"UNIVERSIDAD CATÃ“LICA BOLIVIANA ""SAN PABLO""",3.58,13450
10033,Indonesia,ASIA,1288,UNIVERSITAS MUHAMMADIYAH SURAKARTA,3.52,29552
10034,Mexico,NORTH AMERICA,1289,UNIVERSIDAD DE SONORA,3.5,35026
10035,Mexico,NORTH AMERICA,1290,"ITESO, UNIVERSIDAD JESUITA DE GUADALAJARA",3.43,11100
10036,Egypt,AFRICA,1291,ZAGAZIG UNIVERSITY,3.43,162081
10037,Honduras,SOUTH AMERICA,1292,UNIVERSIDAD NACIONAL AUTÃ“NOMA DE HONDURAS (UNAH),3.37,95838
10038,Turkey,ASIA,1293,CUKUROVA UNIVERSITY,3.35,37346
10039,Colombia,SOUTH AMERICA,1294,UNIVERSIDAD TECNOLÃ“GICA DE BOLÃVAR,3.25,5917
10040,Russia,EUROPE,1295,MOSCOW CITY UNIVERSITY,3.18,14195
10041,Syrian Arab Republic,ASIA,1296,DAMASCUS UNIVERSITY,3.16,205198
10042,Sudan,AFRICA,1297,SUDAN UNIVERSITY OF SCIENCE AND TECHNOLOGY,3.13,45909
10043,Turkey,ASIA,1298,SAKARYA UNIVERSITY,3.05,48731
10044,Morocco,AFRICA,1299,UNIVERSITÃ‰ MOHAMMED V DE RABAT,3.04,87563
10045,Ecuador,SOUTH AMERICA,1300,UNIVERSIDAD CATÃ“LICA DE SANTIAGO DE GUAYAQUIL,2.86,13750
